Continent,Country/Territory,CCA3,Years,Population,Year
South America,Venezuela,VEN,1970 Population,11355475,1970
Asia,Mongolia,MNG,1970 Population,1293880,1970
Asia,Maldives,MDV,1970 Population,123243,1970
Asia,Malaysia,MYS,1970 Population,10306508,1970
Asia,Macau,MAC,1970 Population,247284,1970
Asia,Lebanon,LBN,1970 Population,2381791,1970
Asia,Laos,LAO,1970 Population,2675283,1970
Asia,Kyrgyzstan,KGZ,1970 Population,3016384,1970
Asia,Kuwait,KWT,1970 Population,802786,1970
Asia,Kazakhstan,KAZ,1970 Population,12265305,1970
Asia,Jordan,JOR,1970 Population,1557374,1970
Asia,Japan,JPN,1970 Population,105416839,1970
Asia,Israel,ISR,1970 Population,2907307,1970
Asia,Iraq,IRQ,1970 Population,9811347,1970
Asia,Iran,IRN,1970 Population,28449705,1970
Asia,Indonesia,IDN,1970 Population,115228394,1970
Asia,India,IND,1970 Population,557501301,1970
Asia,Hong Kong,HKG,1970 Population,3955072,1970
Asia,Georgia,GEO,1970 Population,4800426,1970
Asia,China,CHN,1970 Population,822534450,1970
Asia,Cambodia,KHM,1970 Population,6708525,1970
Asia,Brunei,BRN,1970 Population,133343,1970
Asia,Bhutan,BTN,1970 Population,298894,1970
Asia,Bangladesh,BGD,1970 Population,67541860,1970
Asia,Bahrain,BHR,1970 Population,222555,1970
Asia,Azerbaijan,AZE,1970 Population,5425317,1970
Asia,Myanmar,MMR,1970 Population,27284112,1970
Asia,Nepal,NPL,1970 Population,12501285,1970
Asia,North Korea,PRK,1970 Population,14996879,1970
Asia,Oman,OMN,1970 Population,670693,1970
Europe,Bulgaria,BGR,1970 Population,8582950,1970
Europe,Bosnia and Herzegovina,BIH,1970 Population,3815561,1970
Europe,Belgium,BEL,1970 Population,9629376,1970
Europe,Belarus,BLR,1970 Population,9170786,1970
Europe,Austria,AUT,1970 Population,7465301,1970
Europe,Andorra,AND,1970 Population,19860,1970
Europe,Albania,ALB,1970 Population,2324731,1970
Asia,Yemen,YEM,1970 Population,6843607,1970
Asia,Vietnam,VNM,1970 Population,41928849,1970
Asia,Uzbekistan,UZB,1970 Population,12011361,1970
Asia,United Arab Emirates,ARE,1970 Population,298084,1970
Asia,Turkmenistan,TKM,1970 Population,2201432,1970
Asia,Armenia,ARM,1970 Population,2534377,1970
Asia,Turkey,TUR,1970 Population,35540990,1970
Asia,Thailand,THA,1970 Population,35791728,1970
Asia,Tajikistan,TJK,1970 Population,2993019,1970
Asia,Taiwan,TWN,1970 Population,14957870,1970
Asia,Syria,SYR,1970 Population,6319199,1970
Asia,Sri Lanka,LKA,1970 Population,12388769,1970
Asia,South Korea,KOR,1970 Population,32601143,1970
Asia,Singapore,SGP,1970 Population,2061831,1970
Asia,Saudi Arabia,SAU,1970 Population,6106191,1970
Asia,Qatar,QAT,1970 Population,118007,1970
Asia,Philippines,PHL,1970 Population,37435586,1970
Asia,Palestine,PSE,1970 Population,1118241,1970
Asia,Pakistan,PAK,1970 Population,59290872,1970
Asia,Timor-Leste,TLS,1970 Population,554021,1970
Europe,Croatia,HRV,1970 Population,4492638,1970
Asia,Afghanistan,AFG,1970 Population,10752971,1970
Africa,Zambia,ZMB,1970 Population,4281671,1970
Africa,Kenya,KEN,1970 Population,11473087,1970
Africa,Ivory Coast,CIV,1970 Population,5477086,1970
Africa,Guinea-Bissau,GNB,1970 Population,591663,1970
Africa,Guinea,GIN,1970 Population,4222374,1970
Africa,Ghana,GHA,1970 Population,8861895,1970
Africa,Gambia,GMB,1970 Population,528731,1970
Africa,Gabon,GAB,1970 Population,597192,1970
Africa,Ethiopia,ETH,1970 Population,28308246,1970
Africa,Eswatini,SWZ,1970 Population,442865,1970
Africa,Eritrea,ERI,1970 Population,1272748,1970
Africa,Equatorial Guinea,GNQ,1970 Population,316955,1970
Africa,Egypt,EGY,1970 Population,34781986,1970
Africa,Djibouti,DJI,1970 Population,144379,1970
Africa,DR Congo,COD,1970 Population,20151733,1970
Africa,Comoros,COM,1970 Population,242351,1970
Africa,Chad,TCD,1970 Population,3667394,1970
Africa,Central African Republic,CAF,1970 Population,2067356,1970
Africa,Cape Verde,CPV,1970 Population,287262,1970
Africa,Cameroon,CMR,1970 Population,6452787,1970
Africa,Burundi,BDI,1970 Population,3497834,1970
Africa,Burkina Faso,BFA,1970 Population,5611666,1970
Africa,Botswana,BWA,1970 Population,592244,1970
Africa,Benin,BEN,1970 Population,3023443,1970
Africa,Angola,AGO,1970 Population,6029700,1970
Africa,Algeria,DZA,1970 Population,13795915,1970
Africa,Lesotho,LSO,1970 Population,1023481,1970
Africa,Liberia,LBR,1970 Population,1463563,1970
Africa,Libya,LBY,1970 Population,1909177,1970
Africa,Madagascar,MDG,1970 Population,6639751,1970
Africa,Western Sahara,ESH,1970 Population,76371,1970
Africa,Uganda,UGA,1970 Population,10317212,1970
Africa,Tunisia,TUN,1970 Population,5047404,1970
Africa,Togo,TGO,1970 Population,2197383,1970
Africa,Tanzania,TZA,1970 Population,13618192,1970
Africa,Sudan,SDN,1970 Population,11305206,1970
Africa,South Sudan,SSD,1970 Population,3342410,1970
Africa,South Africa,ZAF,1970 Population,22368306,1970
Africa,Somalia,SOM,1970 Population,3720977,1970
Africa,Sierra Leone,SLE,1970 Population,2778557,1970
Africa,Seychelles,SYC,1970 Population,54379,1970
Africa,Senegal,SEN,1970 Population,4367744,1970
Africa,Zimbabwe,ZWE,1970 Population,5202918,1970
Africa,Sao Tome and Principe,STP,1970 Population,77583,1970
Africa,Reunion,REU,1970 Population,473925,1970
Africa,Republic of the Congo,COG,1970 Population,1396989,1970
Africa,Nigeria,NGA,1970 Population,55569264,1970
Africa,Niger,NER,1970 Population,4669708,1970
Africa,Namibia,NAM,1970 Population,754467,1970
Africa,Mozambique,MOZ,1970 Population,8411676,1970
Africa,Morocco,MAR,1970 Population,15274351,1970
Africa,Mayotte,MYT,1970 Population,35383,1970
Africa,Mauritius,MUS,1970 Population,830115,1970
Africa,Mauritania,MRT,1970 Population,1122198,1970
Africa,Mali,MLI,1970 Population,6153587,1970
Africa,Malawi,MWI,1970 Population,4625141,1970
Africa,Rwanda,RWA,1970 Population,3896367,1970
Europe,Cyprus,CYP,1970 Population,640804,1970
South America,Uruguay,URY,1970 Population,2790265,1970
Europe,Denmark,DNK,1970 Population,4922963,1970
Oceania,French Polynesia,PYF,1970 Population,117891,1970
Oceania,Fiji,FJI,1970 Population,527634,1970
Oceania,Cook Islands,COK,1970 Population,20470,1970
Oceania,Australia,AUS,1970 Population,12595034,1970
Oceania,American Samoa,ASM,1970 Population,27075,1970
North America,United States Virgin Islands,VIR,1970 Population,63446,1970
North America,United States,USA,1970 Population,200328340,1970
North America,Turks and Caicos Islands,TCA,1970 Population,5665,1970
North America,Trinidad and Tobago,TTO,1970 Population,988890,1970
North America,Sint Maarten,SXM,1970 Population,6260,1970
North America,Saint Vincent and the Grenadines,VCT,1970 Population,98459,1970
North America,Saint Pierre and Miquelon,SPM,1970 Population,5537,1970
North America,Saint Martin,MAF,1970 Population,5802,1970
North America,Saint Lucia,LCA,1970 Population,103090,1970
North America,Saint Kitts and Nevis,KNA,1970 Population,44968,1970
North America,Saint Barthelemy,BLM,1970 Population,2417,1970
North America,Puerto Rico,PRI,1970 Population,2737619,1970
North America,Panama,PAN,1970 Population,1516188,1970
North America,Nicaragua,NIC,1970 Population,2444767,1970
North America,Montserrat,MSR,1970 Population,11402,1970
North America,Mexico,MEX,1970 Population,50289306,1970
North America,Martinique,MTQ,1970 Population,326428,1970
North America,Jamaica,JAM,1970 Population,1859091,1970
North America,Honduras,HND,1970 Population,2782753,1970
North America,Haiti,HTI,1970 Population,4680812,1970
Oceania,Guam,GUM,1970 Population,88300,1970
Oceania,Kiribati,KIR,1970 Population,57437,1970
Oceania,Marshall Islands,MHL,1970 Population,23969,1970
Oceania,Micronesia,FSM,1970 Population,58989,1970
South America,Suriname,SUR,1970 Population,379918,1970
South America,Peru,PER,1970 Population,13562371,1970
South America,Paraguay,PRY,1970 Population,2408787,1970
South America,Guyana,GUY,1970 Population,705261,1970
South America,French Guiana,GUF,1970 Population,46484,1970
South America,Falkland Islands,FLK,1970 Population,2274,1970
South America,Ecuador,ECU,1970 Population,6172215,1970
South America,Colombia,COL,1970 Population,20905254,1970
South America,Chile,CHL,1970 Population,9820481,1970
South America,Brazil,BRA,1970 Population,96369875,1970
South America,Bolivia,BOL,1970 Population,4585693,1970
South America,Argentina,ARG,1970 Population,23842803,1970
North America,Guatemala,GTM,1970 Population,5453208,1970
Oceania,Wallis and Futuna,WLF,1970 Population,9377,1970
Oceania,Tuvalu,TUV,1970 Population,5814,1970
Oceania,Tonga,TON,1970 Population,86484,1970
Oceania,Tokelau,TKL,1970 Population,1714,1970
Oceania,Solomon Islands,SLB,1970 Population,172833,1970
Oceania,Samoa,WSM,1970 Population,142771,1970
Oceania,Papua New Guinea,PNG,1970 Population,2489059,1970
Oceania,Palau,PLW,1970 Population,11366,1970
Oceania,Northern Mariana Islands,NFK,1970 Population,10143,1970
Oceania,Niue,NIU,1970 Population,5185,1970
Oceania,New Zealand,NZL,1970 Population,2824061,1970
Oceania,New Caledonia,NCL,1970 Population,110982,1970
Oceania,Nauru,NRU,1970 Population,6663,1970
Oceania,Vanuatu,VUT,1970 Population,87019,1970
North America,Guadeloupe,GLP,1970 Population,318310,1970
Europe,Czech Republic,CZE,1970 Population,9795744,1970
North America,Greenland,GRL,1970 Population,45434,1970
Europe,Norway,NOR,1970 Population,3875546,1970
Europe,North Macedonia,MKD,1970 Population,1656783,1970
Europe,Netherlands,NLD,1970 Population,13037686,1970
Europe,Montenegro,MNE,1970 Population,530268,1970
Europe,Monaco,MCO,1970 Population,24270,1970
Europe,Moldova,MDA,1970 Population,3711140,1970
Europe,Malta,MLT,1970 Population,315414,1970
Europe,Luxembourg,LUX,1970 Population,339342,1970
Europe,Lithuania,LTU,1970 Population,3210147,1970
Europe,Liechtenstein,LIE,1970 Population,21089,1970
Europe,Jersey,JEY,1970 Population,68347,1970
Europe,Italy,ITA,1970 Population,53324036,1970
Europe,Isle of Man,IMN,1970 Population,55298,1970
Europe,Ireland,IRL,1970 Population,2937637,1970
Europe,Iceland,ISL,1970 Population,204468,1970
Europe,Hungary,HUN,1970 Population,10315366,1970
Europe,Guernsey,GGY,1970 Population,52656,1970
Europe,Greece,GRC,1970 Population,8544873,1970
Europe,Gibraltar,GIB,1970 Population,26685,1970
Europe,Germany,DEU,1970 Population,78294583,1970
Europe,France,FRA,1970 Population,50523586,1970
Europe,Finland,FIN,1970 Population,4606621,1970
Europe,Faroe Islands,FRO,1970 Population,38416,1970
Europe,Estonia,EST,1970 Population,1361999,1970
North America,Grenada,GRD,1970 Population,98794,1970
Europe,Poland,POL,1970 Population,32482943,1970
Europe,Portugal,PRT,1970 Population,8683631,1970
Europe,Latvia,LVA,1970 Population,2397414,1970
Europe,Russia,RUS,1970 Population,130093010,1970
Europe,Romania,ROU,1970 Population,19922618,1970
North America,Dominican Republic,DOM,1970 Population,4475871,1970
North America,Dominica,DMA,1970 Population,68895,1970
North America,Curacao,CUW,1970 Population,150385,1970
North America,Cuba,CUB,1970 Population,8869636,1970
North America,Costa Rica,CRI,1970 Population,1855697,1970
North America,Cayman Islands,CYM,1970 Population,10533,1970
North America,Canada,CAN,1970 Population,21434577,1970
North America,Bermuda,BMU,1970 Population,52019,1970
North America,Belize,BLZ,1970 Population,120905,1970
North America,Barbados,BRB,1970 Population,241397,1970
North America,Bahamas,BHS,1970 Population,179129,1970
North America,Aruba,ABW,1970 Population,59106,1970
North America,British Virgin Islands,VGB,1970 Population,9581,1970
North America,El Salvador,SLV,1970 Population,3619090,1970
North America,Antigua and Barbuda,ATG,1970 Population,64516,1970
Europe,Serbia,SRB,1970 Population,7193533,1970
Europe,Slovakia,SVK,1970 Population,4522867,1970
Europe,Slovenia,SVN,1970 Population,1741286,1970
Europe,Spain,ESP,1970 Population,33792617,1970
Europe,Sweden,SWE,1970 Population,8027702,1970
Europe,San Marino,SMR,1970 Population,18169,1970
Europe,Ukraine,UKR,1970 Population,47279086,1970
Europe,United Kingdom,GBR,1970 Population,55650166,1970
Europe,Vatican City,VAT,1970 Population,752,1970
North America,Anguilla,AIA,1970 Population,6283,1970
Europe,Switzerland,CHE,1970 Population,6181227,1970
Asia,Jordan,JOR,1980 Population,2216903,1980
Asia,Kazakhstan,KAZ,1980 Population,14172710,1980
Asia,Kuwait,KWT,1980 Population,1493870,1980
Asia,Kyrgyzstan,KGZ,1980 Population,3691209,1980
Asia,Laos,LAO,1980 Population,3297519,1980
Asia,Macau,MAC,1980 Population,245332,1980
Asia,Malaysia,MYS,1980 Population,13215707,1980
Asia,Maldives,MDV,1980 Population,164887,1980
Asia,Mongolia,MNG,1980 Population,1697780,1980
Asia,Japan,JPN,1980 Population,117624196,1980
Asia,Lebanon,LBN,1980 Population,2963702,1980
Asia,Israel,ISR,1980 Population,3744608,1980
Asia,Azerbaijan,AZE,1980 Population,6383060,1980
Asia,Iran,IRN,1980 Population,38520664,1980
Asia,Indonesia,IDN,1980 Population,148177096,1980
Asia,India,IND,1980 Population,696828385,1980
Asia,Hong Kong,HKG,1980 Population,4978544,1980
Asia,Georgia,GEO,1980 Population,5145843,1980
Asia,China,CHN,1980 Population,982372466,1980
Asia,Cambodia,KHM,1980 Population,6198959,1980
Asia,Brunei,BRN,1980 Population,187921,1980
Asia,Bhutan,BTN,1980 Population,415257,1980
Asia,Bangladesh,BGD,1980 Population,83929765,1980
Asia,Bahrain,BHR,1980 Population,362595,1980
Asia,Myanmar,MMR,1980 Population,33465781,1980
Asia,Iraq,IRQ,1980 Population,13653369,1980
Asia,Nepal,NPL,1980 Population,15600442,1980
Europe,Bulgaria,BGR,1980 Population,8980606,1980
Asia,Oman,OMN,1980 Population,1017462,1980
Asia,Armenia,ARM,1980 Population,3135123,1980
Europe,Bosnia and Herzegovina,BIH,1980 Population,4199820,1980
Europe,Belgium,BEL,1980 Population,9828986,1980
Europe,Belarus,BLR,1980 Population,9817257,1980
Europe,Austria,AUT,1980 Population,7547561,1980
Europe,Andorra,AND,1980 Population,35611,1980
Europe,Albania,ALB,1980 Population,2941651,1980
Asia,Yemen,YEM,1980 Population,9204938,1980
Asia,Vietnam,VNM,1980 Population,52968270,1980
Asia,Uzbekistan,UZB,1980 Population,15947129,1980
Asia,United Arab Emirates,ARE,1980 Population,1014048,1980
Asia,Turkmenistan,TKM,1980 Population,2862903,1980
Asia,North Korea,PRK,1980 Population,17973650,1980
Asia,Turkey,TUR,1980 Population,44089069,1980
Asia,Thailand,THA,1980 Population,45737753,1980
Asia,Tajikistan,TJK,1980 Population,4045965,1980
Asia,Taiwan,TWN,1980 Population,18100281,1980
Asia,Syria,SYR,1980 Population,8898954,1980
Asia,Sri Lanka,LKA,1980 Population,14943645,1980
Asia,South Korea,KOR,1980 Population,38170501,1980
Asia,Singapore,SGP,1980 Population,2400729,1980
Asia,Saudi Arabia,SAU,1980 Population,10171710,1980
Asia,Qatar,QAT,1980 Population,277450,1980
Asia,Philippines,PHL,1980 Population,48419546,1980
Asia,Palestine,PSE,1980 Population,1453620,1980
Asia,Pakistan,PAK,1980 Population,80624057,1980
Asia,Timor-Leste,TLS,1980 Population,642224,1980
Asia,Afghanistan,AFG,1980 Population,12486631,1980
Africa,Malawi,MWI,1980 Population,6267369,1980
Africa,Zambia,ZMB,1980 Population,5720438,1980
Africa,Ivory Coast,CIV,1980 Population,8303809,1980
Africa,Guinea-Bissau,GNB,1980 Population,831462,1980
Africa,Guinea,GIN,1980 Population,4972609,1980
Africa,Ghana,GHA,1980 Population,11865246,1980
Africa,Gambia,GMB,1980 Population,718586,1980
Africa,Gabon,GAB,1980 Population,749078,1980
Africa,Ethiopia,ETH,1980 Population,34945469,1980
Africa,Eswatini,SWZ,1980 Population,598564,1980
Africa,Eritrea,ERI,1980 Population,1657982,1980
Africa,Equatorial Guinea,GNQ,1980 Population,282509,1980
Africa,Egypt,EGY,1980 Population,43748556,1980
Africa,Djibouti,DJI,1980 Population,324121,1980
Africa,DR Congo,COD,1980 Population,26708686,1980
Africa,Comoros,COM,1980 Population,328328,1980
Africa,Chad,TCD,1980 Population,4408230,1980
Africa,Central African Republic,CAF,1980 Population,2415276,1980
Africa,Cape Verde,CPV,1980 Population,317234,1980
Africa,Cameroon,CMR,1980 Population,8519891,1980
Africa,Burundi,BDI,1980 Population,4312834,1980
Africa,Burkina Faso,BFA,1980 Population,6932967,1980
Africa,Botswana,BWA,1980 Population,938578,1980
Africa,Benin,BEN,1980 Population,3833939,1980
Africa,Angola,AGO,1980 Population,8330047,1980
Africa,Algeria,DZA,1980 Population,18739378,1980
Europe,Croatia,HRV,1980 Population,4680144,1980
Africa,Kenya,KEN,1980 Population,16187124,1980
Africa,Lesotho,LSO,1980 Population,1407672,1980
Africa,Liberia,LBR,1980 Population,1932169,1980
Africa,Libya,LBY,1980 Population,2962720,1980
Africa,Western Sahara,ESH,1980 Population,116775,1980
Africa,Uganda,UGA,1980 Population,13284026,1980
Africa,Tunisia,TUN,1980 Population,6578156,1980
Africa,Togo,TGO,1980 Population,2838110,1980
Africa,Tanzania,TZA,1980 Population,19297659,1980
Africa,Sudan,SDN,1980 Population,16673586,1980
Africa,South Sudan,SSD,1980 Population,4192011,1980
Africa,South Africa,ZAF,1980 Population,29463549,1980
Africa,Somalia,SOM,1980 Population,5892224,1980
Africa,Sierra Leone,SLE,1980 Population,3367477,1980
Africa,Seychelles,SYC,1980 Population,65290,1980
Africa,Senegal,SEN,1980 Population,5703869,1980
Africa,Zimbabwe,ZWE,1980 Population,7049926,1980
Africa,Sao Tome and Principe,STP,1980 Population,97210,1980
Africa,Reunion,REU,1980 Population,551674,1980
Africa,Republic of the Congo,COG,1980 Population,1829256,1980
Africa,Nigeria,NGA,1980 Population,72951439,1980
Africa,Niger,NER,1980 Population,6173177,1980
Africa,Namibia,NAM,1980 Population,975994,1980
Africa,Mozambique,MOZ,1980 Population,11413587,1980
Africa,Morocco,MAR,1980 Population,19678444,1980
Africa,Mayotte,MYT,1980 Population,52233,1980
Africa,Mauritius,MUS,1980 Population,954865,1980
Africa,Mauritania,MRT,1980 Population,1506694,1980
Africa,Mali,MLI,1980 Population,7372581,1980
Africa,Madagascar,MDG,1980 Population,8948162,1980
Africa,Rwanda,RWA,1980 Population,5247532,1980
Europe,Cyprus,CYP,1980 Population,679327,1980
Europe,Czech Republic,CZE,1980 Population,10270060,1980
Europe,Denmark,DNK,1980 Population,5125392,1980
Oceania,Guam,GUM,1980 Population,110286,1980
Oceania,French Polynesia,PYF,1980 Population,163591,1980
Oceania,Fiji,FJI,1980 Population,644582,1980
Oceania,Cook Islands,COK,1980 Population,17651,1980
Oceania,Australia,AUS,1980 Population,14706322,1980
Oceania,American Samoa,ASM,1980 Population,32886,1980
North America,United States Virgin Islands,VIR,1980 Population,96640,1980
North America,United States,USA,1980 Population,223140018,1980
North America,Turks and Caicos Islands,TCA,1980 Population,7598,1980
North America,Trinidad and Tobago,TTO,1980 Population,1127852,1980
North America,Sint Maarten,SXM,1980 Population,12243,1980
North America,Saint Vincent and the Grenadines,VCT,1980 Population,107480,1980
North America,Saint Pierre and Miquelon,SPM,1980 Population,6106,1980
North America,Saint Martin,MAF,1980 Population,7776,1980
North America,Saint Lucia,LCA,1980 Population,121633,1980
North America,Saint Kitts and Nevis,KNA,1980 Population,43097,1980
North America,Saint Barthelemy,BLM,1980 Population,2983,1980
North America,Puerto Rico,PRI,1980 Population,3214568,1980
North America,Panama,PAN,1980 Population,1956987,1980
North America,Nicaragua,NIC,1980 Population,3303309,1980
North America,Montserrat,MSR,1980 Population,11452,1980
North America,Mexico,MEX,1980 Population,67705186,1980
North America,Martinique,MTQ,1980 Population,333786,1980
North America,Jamaica,JAM,1980 Population,2135546,1980
North America,Honduras,HND,1980 Population,3777990,1980
South America,Venezuela,VEN,1980 Population,15210443,1980
Oceania,Marshall Islands,MHL,1980 Population,31988,1980
Oceania,Micronesia,FSM,1980 Population,76299,1980
Oceania,Nauru,NRU,1980 Population,7635,1980
South America,Uruguay,URY,1980 Population,2953750,1980
South America,Suriname,SUR,1980 Population,375112,1980
South America,Peru,PER,1980 Population,17492406,1980
South America,Paraguay,PRY,1980 Population,3078912,1980
South America,Guyana,GUY,1980 Population,778176,1980
South America,French Guiana,GUF,1980 Population,66825,1980
South America,Falkland Islands,FLK,1980 Population,2240,1980
South America,Ecuador,ECU,1980 Population,8135845,1980
South America,Colombia,COL,1980 Population,26176195,1980
South America,Chile,CHL,1980 Population,11469828,1980
South America,Brazil,BRA,1980 Population,122288383,1980
South America,Bolivia,BOL,1980 Population,5736088,1980
North America,Haiti,HTI,1980 Population,5646676,1980
South America,Argentina,ARG,1980 Population,28024803,1980
Oceania,Vanuatu,VUT,1980 Population,118156,1980
Oceania,Tuvalu,TUV,1980 Population,7731,1980
Oceania,Tonga,TON,1980 Population,96708,1980
Oceania,Tokelau,TKL,1980 Population,1647,1980
Oceania,Solomon Islands,SLB,1980 Population,233668,1980
Oceania,Samoa,WSM,1980 Population,164905,1980
Oceania,Papua New Guinea,PNG,1980 Population,3104788,1980
Oceania,Palau,PLW,1980 Population,12252,1980
Oceania,Northern Mariana Islands,NFK,1980 Population,17613,1980
Oceania,Niue,NIU,1980 Population,3637,1980
Oceania,New Zealand,NZL,1980 Population,3147168,1980
Oceania,New Caledonia,NCL,1980 Population,148599,1980
Oceania,Wallis and Futuna,WLF,1980 Population,11315,1980
North America,Guatemala,GTM,1980 Population,6987767,1980
Oceania,Kiribati,KIR,1980 Population,60813,1980
North America,Grenada,GRD,1980 Population,94838,1980
Europe,Poland,POL,1980 Population,35521429,1980
Europe,Norway,NOR,1980 Population,4085776,1980
Europe,North Macedonia,MKD,1980 Population,1907023,1980
Europe,Netherlands,NLD,1980 Population,14130387,1980
Europe,Montenegro,MNE,1980 Population,589324,1980
Europe,Monaco,MCO,1980 Population,27076,1980
Europe,Moldova,MDA,1980 Population,4103240,1980
Europe,Malta,MLT,1980 Population,333587,1980
Europe,Luxembourg,LUX,1980 Population,363741,1980
Europe,Lithuania,LTU,1980 Population,3521206,1980
Europe,Liechtenstein,LIE,1980 Population,25003,1980
Europe,Latvia,LVA,1980 Population,2572037,1980
Europe,Portugal,PRT,1980 Population,9785252,1980
Europe,Jersey,JEY,1980 Population,75124,1980
Europe,Isle of Man,IMN,1980 Population,64022,1980
Europe,Ireland,IRL,1980 Population,3391387,1980
Europe,Iceland,ISL,1980 Population,228263,1980
Europe,Hungary,HUN,1980 Population,10698679,1980
Europe,Guernsey,GGY,1980 Population,52860,1980
Europe,Greece,GRC,1980 Population,9307148,1980
Europe,Gibraltar,GIB,1980 Population,28734,1980
Europe,Germany,DEU,1980 Population,77786703,1980
Europe,France,FRA,1980 Population,53713830,1980
Europe,Finland,FIN,1980 Population,4779418,1980
Europe,Faroe Islands,FRO,1980 Population,43054,1980
North America,Guadeloupe,GLP,1980 Population,334234,1980
Europe,Italy,ITA,1980 Population,56329482,1980
Europe,Romania,ROU,1980 Population,22125224,1980
Europe,Estonia,EST,1980 Population,1476983,1980
Europe,San Marino,SMR,1980 Population,21346,1980
North America,Greenland,GRL,1980 Population,50106,1980
North America,El Salvador,SLV,1980 Population,4508992,1980
North America,Dominican Republic,DOM,1980 Population,5755800,1980
North America,Dominica,DMA,1980 Population,72978,1980
North America,Curacao,CUW,1980 Population,156851,1980
North America,Cuba,CUB,1980 Population,9809107,1980
North America,Costa Rica,CRI,1980 Population,2414303,1980
Europe,Russia,RUS,1980 Population,138257420,1980
North America,Canada,CAN,1980 Population,24511510,1980
North America,British Virgin Islands,VGB,1980 Population,11109,1980
North America,Bermuda,BMU,1980 Population,53565,1980
North America,Belize,BLZ,1980 Population,145133,1980
North America,Barbados,BRB,1980 Population,253575,1980
North America,Cayman Islands,CYM,1980 Population,17100,1980
North America,Aruba,ABW,1980 Population,62267,1980
North America,Bahamas,BHS,1980 Population,223752,1980
Europe,Serbia,SRB,1980 Population,7777010,1980
Europe,Slovakia,SVK,1980 Population,4973883,1980
Europe,Slovenia,SVN,1980 Population,1901570,1980
Europe,Sweden,SWE,1980 Population,8311763,1980
Europe,Spain,ESP,1980 Population,37491666,1980
Europe,Ukraine,UKR,1980 Population,49973920,1980
Europe,United Kingdom,GBR,1980 Population,56326328,1980
Europe,Vatican City,VAT,1980 Population,733,1980
North America,Anguilla,AIA,1980 Population,6560,1980
North America,Antigua and Barbuda,ATG,1980 Population,64888,1980
Europe,Switzerland,CHE,1980 Population,6319113,1980
Asia,Kuwait,KWT,1990 Population,1674938,1990
Asia,Japan,JPN,1990 Population,123686321,1990
Asia,Jordan,JOR,1990 Population,3480587,1990
Asia,Kazakhstan,KAZ,1990 Population,16866563,1990
Asia,Kyrgyzstan,KGZ,1990 Population,4394734,1990
Asia,Mongolia,MNG,1990 Population,2161433,1990
Asia,Lebanon,LBN,1990 Population,3593700,1990
Asia,Macau,MAC,1990 Population,350227,1990
Asia,Malaysia,MYS,1990 Population,17517054,1990
Asia,Maldives,MDV,1990 Population,224957,1990
Asia,Laos,LAO,1990 Population,4314443,1990
Asia,Israel,ISR,1990 Population,4803254,1990
Asia,Azerbaijan,AZE,1990 Population,7427836,1990
Asia,Iran,IRN,1990 Population,55793629,1990
Asia,Indonesia,IDN,1990 Population,182159874,1990
Asia,India,IND,1990 Population,870452165,1990
Asia,Hong Kong,HKG,1990 Population,5838574,1990
Asia,Georgia,GEO,1990 Population,5391636,1990
Asia,China,CHN,1990 Population,1153704252,1990
Asia,Cambodia,KHM,1990 Population,8910808,1990
Asia,Brunei,BRN,1990 Population,261928,1990
Asia,Bhutan,BTN,1990 Population,558442,1990
Asia,Bangladesh,BGD,1990 Population,107147651,1990
Asia,Bahrain,BHR,1990 Population,517418,1990
Asia,Myanmar,MMR,1990 Population,40099553,1990
Asia,Iraq,IRQ,1990 Population,17658381,1990
Asia,Nepal,NPL,1990 Population,19616530,1990
Asia,Thailand,THA,1990 Population,55228410,1990
Asia,Oman,OMN,1990 Population,1804524,1990
Europe,Bulgaria,BGR,1990 Population,8767778,1990
Europe,Bosnia and Herzegovina,BIH,1990 Population,4494310,1990
Europe,Belgium,BEL,1990 Population,9959560,1990
Europe,Belarus,BLR,1990 Population,10428525,1990
Europe,Austria,AUT,1990 Population,7678729,1990
Europe,Andorra,AND,1990 Population,53569,1990
Europe,Albania,ALB,1990 Population,3295066,1990
Asia,Yemen,YEM,1990 Population,13375121,1990
Asia,Vietnam,VNM,1990 Population,66912613,1990
Asia,Uzbekistan,UZB,1990 Population,20579100,1990
Asia,United Arab Emirates,ARE,1990 Population,1900151,1990
Asia,Turkmenistan,TKM,1990 Population,3720278,1990
Asia,Turkey,TUR,1990 Population,54324142,1990
Asia,Timor-Leste,TLS,1990 Population,758106,1990
Asia,Tajikistan,TJK,1990 Population,5417860,1990
Asia,Taiwan,TWN,1990 Population,20586174,1990
Asia,Syria,SYR,1990 Population,12408996,1990
Asia,Sri Lanka,LKA,1990 Population,17204094,1990
Asia,South Korea,KOR,1990 Population,44120039,1990
Asia,Singapore,SGP,1990 Population,3022209,1990
Asia,Saudi Arabia,SAU,1990 Population,16004763,1990
Asia,Qatar,QAT,1990 Population,441675,1990
Asia,Philippines,PHL,1990 Population,61558898,1990
Asia,Palestine,PSE,1990 Population,2124609,1990
Asia,Pakistan,PAK,1990 Population,115414069,1990
Asia,North Korea,PRK,1990 Population,20799523,1990
Asia,Armenia,ARM,1990 Population,3556539,1990
Africa,Algeria,DZA,1990 Population,25518074,1990
Africa,Zimbabwe,ZWE,1990 Population,10113893,1990
Africa,Lesotho,LSO,1990 Population,1798997,1990
Africa,Kenya,KEN,1990 Population,23162269,1990
Africa,Ivory Coast,CIV,1990 Population,11910540,1990
Africa,Guinea-Bissau,GNB,1990 Population,973551,1990
Africa,Guinea,GIN,1990 Population,6354145,1990
Africa,Ghana,GHA,1990 Population,15446982,1990
Africa,Gambia,GMB,1990 Population,1040616,1990
Africa,Gabon,GAB,1990 Population,983028,1990
Africa,Ethiopia,ETH,1990 Population,47878073,1990
Africa,Eswatini,SWZ,1990 Population,854011,1990
Africa,Eritrea,ERI,1990 Population,2149960,1990
Africa,Equatorial Guinea,GNQ,1990 Population,465549,1990
Africa,Liberia,LBR,1990 Population,2209731,1990
Africa,Egypt,EGY,1990 Population,57214630,1990
Africa,DR Congo,COD,1990 Population,35987541,1990
Africa,Comoros,COM,1990 Population,431119,1990
Africa,Chad,TCD,1990 Population,5827069,1990
Africa,Central African Republic,CAF,1990 Population,2809221,1990
Africa,Cape Verde,CPV,1990 Population,364563,1990
Africa,Cameroon,CMR,1990 Population,11430520,1990
Africa,Burundi,BDI,1990 Population,5483793,1990
Africa,Burkina Faso,BFA,1990 Population,9131361,1990
Africa,Botswana,BWA,1990 Population,1341474,1990
Africa,Benin,BEN,1990 Population,5133419,1990
Africa,Angola,AGO,1990 Population,11828638,1990
Europe,Croatia,HRV,1990 Population,4873707,1990
Africa,Djibouti,DJI,1990 Population,577173,1990
Asia,Afghanistan,AFG,1990 Population,10694796,1990
Africa,Libya,LBY,1990 Population,4236983,1990
Africa,Malawi,MWI,1990 Population,9539665,1990
Africa,Zambia,ZMB,1990 Population,7686401,1990
Africa,Western Sahara,ESH,1990 Population,178529,1990
Africa,Uganda,UGA,1990 Population,17586630,1990
Africa,Tunisia,TUN,1990 Population,8440023,1990
Africa,Togo,TGO,1990 Population,3875947,1990
Africa,Tanzania,TZA,1990 Population,26206012,1990
Africa,Sudan,SDN,1990 Population,21090886,1990
Africa,South Sudan,SSD,1990 Population,4750817,1990
Africa,South Africa,ZAF,1990 Population,39877570,1990
Africa,Somalia,SOM,1990 Population,6999096,1990
Africa,Sierra Leone,SLE,1990 Population,4325388,1990
Africa,Seychelles,SYC,1990 Population,71057,1990
Africa,Madagascar,MDG,1990 Population,11882762,1990
Africa,Senegal,SEN,1990 Population,7536001,1990
Africa,Rwanda,RWA,1990 Population,7319962,1990
Africa,Reunion,REU,1990 Population,658992,1990
Africa,Republic of the Congo,COG,1990 Population,2385435,1990
Africa,Nigeria,NGA,1990 Population,95214257,1990
Africa,Niger,NER,1990 Population,8370647,1990
Africa,Namibia,NAM,1990 Population,1369011,1990
Africa,Mozambique,MOZ,1990 Population,13303459,1990
Africa,Morocco,MAR,1990 Population,24570814,1990
Africa,Mayotte,MYT,1990 Population,92659,1990
Africa,Mauritius,MUS,1990 Population,1090290,1990
Africa,Mauritania,MRT,1990 Population,2006027,1990
Africa,Mali,MLI,1990 Population,8945026,1990
Africa,Sao Tome and Principe,STP,1990 Population,120343,1990
Europe,Cyprus,CYP,1990 Population,788500,1990
North America,Grenada,GRD,1990 Population,99047,1990
Europe,Denmark,DNK,1990 Population,5144623,1990
Oceania,Kiribati,KIR,1990 Population,75124,1990
Oceania,Guam,GUM,1990 Population,138263,1990
Oceania,French Polynesia,PYF,1990 Population,211089,1990
Oceania,Fiji,FJI,1990 Population,780430,1990
Oceania,Cook Islands,COK,1990 Population,17123,1990
Oceania,Australia,AUS,1990 Population,17048003,1990
Oceania,American Samoa,ASM,1990 Population,47818,1990
North America,United States Virgin Islands,VIR,1990 Population,100685,1990
North America,United States,USA,1990 Population,248083732,1990
North America,Turks and Caicos Islands,TCA,1990 Population,11709,1990
North America,Trinidad and Tobago,TTO,1990 Population,1266518,1990
North America,Sint Maarten,SXM,1990 Population,27845,1990
North America,Saint Vincent and the Grenadines,VCT,1990 Population,112487,1990
North America,Saint Pierre and Miquelon,SPM,1990 Population,6324,1990
North America,Saint Martin,MAF,1990 Population,28127,1990
North America,Saint Lucia,LCA,1990 Population,142301,1990
North America,Saint Kitts and Nevis,KNA,1990 Population,40636,1990
North America,Saint Barthelemy,BLM,1990 Population,5168,1990
North America,Puerto Rico,PRI,1990 Population,3543776,1990
North America,Panama,PAN,1990 Population,2449968,1990
North America,Nicaragua,NIC,1990 Population,4227820,1990
North America,Montserrat,MSR,1990 Population,10805,1990
North America,Mexico,MEX,1990 Population,81720428,1990
North America,Martinique,MTQ,1990 Population,374271,1990
North America,Jamaica,JAM,1990 Population,2392030,1990
Oceania,Marshall Islands,MHL,1990 Population,46047,1990
Oceania,Micronesia,FSM,1990 Population,98603,1990
Oceania,Nauru,NRU,1990 Population,9598,1990
Oceania,New Caledonia,NCL,1990 Population,177264,1990
Europe,Czech Republic,CZE,1990 Population,10301192,1990
South America,Uruguay,URY,1990 Population,3117012,1990
South America,Suriname,SUR,1990 Population,412756,1990
South America,Peru,PER,1990 Population,22109099,1990
South America,Paraguay,PRY,1990 Population,4059195,1990
South America,Guyana,GUY,1990 Population,747116,1990
South America,French Guiana,GUF,1990 Population,113931,1990
South America,Falkland Islands,FLK,1990 Population,2332,1990
South America,Ecuador,ECU,1990 Population,10449837,1990
South America,Colombia,COL,1990 Population,32601393,1990
South America,Chile,CHL,1990 Population,13342868,1990
South America,Brazil,BRA,1990 Population,150706446,1990
North America,Honduras,HND,1990 Population,5053234,1990
South America,Bolivia,BOL,1990 Population,7096194,1990
Oceania,Wallis and Futuna,WLF,1990 Population,13454,1990
Oceania,Vanuatu,VUT,1990 Population,150882,1990
Oceania,Tuvalu,TUV,1990 Population,9182,1990
Oceania,Tonga,TON,1990 Population,98727,1990
Oceania,Tokelau,TKL,1990 Population,1669,1990
Oceania,Solomon Islands,SLB,1990 Population,324171,1990
Oceania,Samoa,WSM,1990 Population,168186,1990
Oceania,Papua New Guinea,PNG,1990 Population,3864972,1990
Oceania,Palau,PLW,1990 Population,15293,1990
Oceania,Northern Mariana Islands,NFK,1990 Population,48002,1990
Oceania,Niue,NIU,1990 Population,2533,1990
Oceania,New Zealand,NZL,1990 Population,3397389,1990
South America,Argentina,ARG,1990 Population,32637657,1990
North America,Haiti,HTI,1990 Population,6925331,1990
South America,Venezuela,VEN,1990 Population,19750579,1990
North America,Guadeloupe,GLP,1990 Population,391951,1990
Europe,Poland,POL,1990 Population,38064255,1990
Europe,Norway,NOR,1990 Population,4241636,1990
Europe,North Macedonia,MKD,1990 Population,2044174,1990
Europe,Netherlands,NLD,1990 Population,14944548,1990
Europe,Montenegro,MNE,1990 Population,621442,1990
Europe,Monaco,MCO,1990 Population,30329,1990
Europe,Moldova,MDA,1990 Population,4480199,1990
Europe,Malta,MLT,1990 Population,365392,1990
Europe,Luxembourg,LUX,1990 Population,381267,1990
Europe,Lithuania,LTU,1990 Population,3785847,1990
North America,Guatemala,GTM,1990 Population,9084780,1990
Europe,Latvia,LVA,1990 Population,2689391,1990
Europe,Portugal,PRT,1990 Population,10007346,1990
Europe,Jersey,JEY,1990 Population,82874,1990
Europe,Isle of Man,IMN,1990 Population,68865,1990
Europe,Ireland,IRL,1990 Population,3485374,1990
Europe,Iceland,ISL,1990 Population,255019,1990
Europe,Hungary,HUN,1990 Population,10375989,1990
Europe,Guernsey,GGY,1990 Population,57727,1990
Europe,Greece,GRC,1990 Population,10302255,1990
Europe,Gibraltar,GIB,1990 Population,27317,1990
Europe,Germany,DEU,1990 Population,79370196,1990
Europe,France,FRA,1990 Population,56412897,1990
Europe,Finland,FIN,1990 Population,4986545,1990
Europe,Faroe Islands,FRO,1990 Population,47479,1990
Europe,Estonia,EST,1990 Population,1570674,1990
Europe,Italy,ITA,1990 Population,56756561,1990
Europe,Romania,ROU,1990 Population,22836234,1990
Europe,Liechtenstein,LIE,1990 Population,28765,1990
Europe,San Marino,SMR,1990 Population,23132,1990
Europe,Russia,RUS,1990 Population,148005704,1990
North America,El Salvador,SLV,1990 Population,5367179,1990
North America,Dominican Republic,DOM,1990 Population,7129004,1990
North America,Dominica,DMA,1990 Population,69481,1990
North America,Curacao,CUW,1990 Population,155446,1990
North America,Cuba,CUB,1990 Population,10626680,1990
North America,Costa Rica,CRI,1990 Population,3158253,1990
North America,Cayman Islands,CYM,1990 Population,26027,1990
North America,Canada,CAN,1990 Population,27657204,1990
North America,British Virgin Islands,VGB,1990 Population,15617,1990
North America,Bermuda,BMU,1990 Population,57470,1990
North America,Belize,BLZ,1990 Population,182589,1990
North America,Barbados,BRB,1990 Population,258868,1990
North America,Greenland,GRL,1990 Population,55599,1990
North America,Aruba,ABW,1990 Population,65712,1990
Europe,Serbia,SRB,1990 Population,7987529,1990
Europe,Slovakia,SVK,1990 Population,5261305,1990
Europe,Slovenia,SVN,1990 Population,1986024,1990
North America,Bahamas,BHS,1990 Population,270679,1990
Europe,Sweden,SWE,1990 Population,8548406,1990
Europe,Spain,ESP,1990 Population,38889889,1990
Europe,Ukraine,UKR,1990 Population,51589817,1990
Europe,United Kingdom,GBR,1990 Population,57210442,1990
Europe,Vatican City,VAT,1990 Population,700,1990
North America,Anguilla,AIA,1990 Population,8316,1990
North America,Antigua and Barbuda,ATG,1990 Population,63328,1990
Europe,Switzerland,CHE,1990 Population,6711693,1990
Asia,Kuwait,KWT,2000 Population,1934901,2000
Asia,Kyrgyzstan,KGZ,2000 Population,4935182,2000
Asia,Laos,LAO,2000 Population,5430853,2000
Asia,Lebanon,LBN,2000 Population,4320642,2000
Asia,Nepal,NPL,2000 Population,24559500,2000
Asia,Malaysia,MYS,2000 Population,22945150,2000
Asia,Maldives,MDV,2000 Population,282507,2000
Asia,Mongolia,MNG,2000 Population,2450979,2000
Asia,Myanmar,MMR,2000 Population,45538332,2000
Asia,Kazakhstan,KAZ,2000 Population,15236253,2000
Asia,Macau,MAC,2000 Population,431896,2000
Asia,Jordan,JOR,2000 Population,5056174,2000
Asia,India,IND,2000 Population,1059633675,2000
Asia,Israel,ISR,2000 Population,6116958,2000
Asia,Iraq,IRQ,2000 Population,24628858,2000
Asia,Iran,IRN,2000 Population,65544383,2000
Asia,Indonesia,IDN,2000 Population,214072421,2000
Asia,Hong Kong,HKG,2000 Population,6731195,2000
Asia,Georgia,GEO,2000 Population,4265172,2000
Asia,China,CHN,2000 Population,1264099069,2000
Asia,Cambodia,KHM,2000 Population,12118841,2000
Asia,Brunei,BRN,2000 Population,333926,2000
Asia,Bhutan,BTN,2000 Population,587207,2000
Asia,Bangladesh,BGD,2000 Population,129193327,2000
Asia,Japan,JPN,2000 Population,126803861,2000
Asia,North Korea,PRK,2000 Population,23367059,2000
Europe,Croatia,HRV,2000 Population,4548434,2000
Asia,Pakistan,PAK,2000 Population,154369924,2000
Asia,Bahrain,BHR,2000 Population,711442,2000
Europe,Bulgaria,BGR,2000 Population,8097691,2000
Europe,Bosnia and Herzegovina,BIH,2000 Population,4179350,2000
Europe,Belgium,BEL,2000 Population,10264343,2000
Europe,Belarus,BLR,2000 Population,10256483,2000
Europe,Austria,AUT,2000 Population,8010428,2000
Europe,Andorra,AND,2000 Population,66097,2000
Europe,Albania,ALB,2000 Population,3182021,2000
Asia,Yemen,YEM,2000 Population,18628700,2000
Asia,Vietnam,VNM,2000 Population,79001142,2000
Asia,Uzbekistan,UZB,2000 Population,24925554,2000
Asia,United Arab Emirates,ARE,2000 Population,3275333,2000
Asia,Oman,OMN,2000 Population,2344253,2000
Asia,Turkmenistan,TKM,2000 Population,4569132,2000
Asia,Timor-Leste,TLS,2000 Population,878360,2000
Asia,Thailand,THA,2000 Population,63066603,2000
Asia,Tajikistan,TJK,2000 Population,6272998,2000
Asia,Taiwan,TWN,2000 Population,22194731,2000
Asia,Syria,SYR,2000 Population,16307654,2000
Asia,Sri Lanka,LKA,2000 Population,18776371,2000
Asia,South Korea,KOR,2000 Population,46788591,2000
Asia,Singapore,SGP,2000 Population,4053602,2000
Asia,Saudi Arabia,SAU,2000 Population,21547390,2000
Asia,Qatar,QAT,2000 Population,645937,2000
Asia,Philippines,PHL,2000 Population,77958223,2000
Asia,Palestine,PSE,2000 Population,3139954,2000
Asia,Turkey,TUR,2000 Population,64113547,2000
Asia,Azerbaijan,AZE,2000 Population,8190337,2000
Africa,Mauritania,MRT,2000 Population,2695003,2000
Asia,Afghanistan,AFG,2000 Population,19542982,2000
Africa,Liberia,LBR,2000 Population,2895224,2000
Africa,Lesotho,LSO,2000 Population,1998630,2000
Africa,Kenya,KEN,2000 Population,30851606,2000
Africa,Ivory Coast,CIV,2000 Population,16799670,2000
Africa,Guinea-Bissau,GNB,2000 Population,1230849,2000
Africa,Guinea,GIN,2000 Population,8336967,2000
Africa,Ghana,GHA,2000 Population,19665502,2000
Africa,Gambia,GMB,2000 Population,1437539,2000
Africa,Gabon,GAB,2000 Population,1272935,2000
Africa,Ethiopia,ETH,2000 Population,67031867,2000
Africa,Eswatini,SWZ,2000 Population,1030496,2000
Africa,Eritrea,ERI,2000 Population,2392880,2000
Africa,Libya,LBY,2000 Population,5154790,2000
Africa,Equatorial Guinea,GNQ,2000 Population,684977,2000
Africa,Djibouti,DJI,2000 Population,742033,2000
Africa,DR Congo,COD,2000 Population,48616317,2000
Africa,Comoros,COM,2000 Population,536758,2000
Africa,Chad,TCD,2000 Population,8259137,2000
Africa,Central African Republic,CAF,2000 Population,3759170,2000
Africa,Cape Verde,CPV,2000 Population,458251,2000
Africa,Cameroon,CMR,2000 Population,15091594,2000
Africa,Burundi,BDI,2000 Population,6307659,2000
Africa,Burkina Faso,BFA,2000 Population,11882888,2000
Africa,Botswana,BWA,2000 Population,1726985,2000
Africa,Benin,BEN,2000 Population,6998023,2000
Africa,Angola,AGO,2000 Population,16394062,2000
Africa,Egypt,EGY,2000 Population,71371371,2000
Asia,Armenia,ARM,2000 Population,3168523,2000
Africa,Madagascar,MDG,2000 Population,16216431,2000
Africa,Mali,MLI,2000 Population,11239101,2000
Africa,Zimbabwe,ZWE,2000 Population,11834676,2000
Africa,Zambia,ZMB,2000 Population,9891136,2000
Africa,Western Sahara,ESH,2000 Population,270375,2000
Africa,Uganda,UGA,2000 Population,24020697,2000
Africa,Tunisia,TUN,2000 Population,9893316,2000
Africa,Togo,TGO,2000 Population,5008035,2000
Africa,Tanzania,TZA,2000 Population,34463704,2000
Africa,Sudan,SDN,2000 Population,26298773,2000
Africa,South Sudan,SSD,2000 Population,6114440,2000
Africa,South Africa,ZAF,2000 Population,46813266,2000
Africa,Somalia,SOM,2000 Population,8721465,2000
Africa,Sierra Leone,SLE,2000 Population,4584067,2000
Africa,Malawi,MWI,2000 Population,11229387,2000
Africa,Seychelles,SYC,2000 Population,80060,2000
Africa,Sao Tome and Principe,STP,2000 Population,143714,2000
Africa,Rwanda,RWA,2000 Population,8109989,2000
Africa,Reunion,REU,2000 Population,785424,2000
Africa,Republic of the Congo,COG,2000 Population,3134030,2000
Africa,Nigeria,NGA,2000 Population,122851984,2000
Africa,Niger,NER,2000 Population,11622665,2000
Africa,Namibia,NAM,2000 Population,1819141,2000
Africa,Mozambique,MOZ,2000 Population,17768505,2000
Africa,Morocco,MAR,2000 Population,28554415,2000
Africa,Mayotte,MYT,2000 Population,159215,2000
Africa,Mauritius,MUS,2000 Population,1215930,2000
Europe,Cyprus,CYP,2000 Population,948237,2000
Africa,Senegal,SEN,2000 Population,9704287,2000
Europe,Czech Republic,CZE,2000 Population,10234710,2000
Europe,Romania,ROU,2000 Population,21919876,2000
Europe,Estonia,EST,2000 Population,1396877,2000
Oceania,Marshall Islands,MHL,2000 Population,54224,2000
Oceania,Kiribati,KIR,2000 Population,88826,2000
Oceania,Guam,GUM,2000 Population,160188,2000
Oceania,French Polynesia,PYF,2000 Population,250927,2000
Oceania,Fiji,FJI,2000 Population,832509,2000
Oceania,Cook Islands,COK,2000 Population,15897,2000
Oceania,Australia,AUS,2000 Population,19017963,2000
Oceania,American Samoa,ASM,2000 Population,58230,2000
North America,United States Virgin Islands,VIR,2000 Population,108185,2000
North America,United States,USA,2000 Population,282398554,2000
North America,Turks and Caicos Islands,TCA,2000 Population,18744,2000
North America,Trinidad and Tobago,TTO,2000 Population,1332203,2000
North America,Sint Maarten,SXM,2000 Population,30489,2000
North America,Saint Vincent and the Grenadines,VCT,2000 Population,113813,2000
North America,Saint Pierre and Miquelon,SPM,2000 Population,6274,2000
North America,Saint Martin,MAF,2000 Population,29610,2000
North America,Saint Lucia,LCA,2000 Population,159500,2000
North America,Saint Kitts and Nevis,KNA,2000 Population,45461,2000
North America,Saint Barthelemy,BLM,2000 Population,7082,2000
North America,Puerto Rico,PRI,2000 Population,3827108,2000
North America,Panama,PAN,2000 Population,3001731,2000
North America,Nicaragua,NIC,2000 Population,5123222,2000
North America,Montserrat,MSR,2000 Population,5138,2000
North America,Mexico,MEX,2000 Population,97873442,2000
North America,Martinique,MTQ,2000 Population,432543,2000
Oceania,Micronesia,FSM,2000 Population,111709,2000
Oceania,Nauru,NRU,2000 Population,10377,2000
Oceania,New Caledonia,NCL,2000 Population,221537,2000
Oceania,New Zealand,NZL,2000 Population,3855266,2000
Africa,Algeria,DZA,2000 Population,30774621,2000
South America,Venezuela,VEN,2000 Population,24427729,2000
South America,Uruguay,URY,2000 Population,3292224,2000
South America,Suriname,SUR,2000 Population,478998,2000
South America,Peru,PER,2000 Population,26654439,2000
South America,Paraguay,PRY,2000 Population,5123819,2000
South America,Guyana,GUY,2000 Population,759051,2000
South America,French Guiana,GUF,2000 Population,164351,2000
South America,Falkland Islands,FLK,2000 Population,3080,2000
South America,Ecuador,ECU,2000 Population,12626507,2000
South America,Colombia,COL,2000 Population,39215135,2000
South America,Chile,CHL,2000 Population,15351799,2000
North America,Jamaica,JAM,2000 Population,2612205,2000
South America,Brazil,BRA,2000 Population,175873720,2000
South America,Argentina,ARG,2000 Population,37070774,2000
Oceania,Wallis and Futuna,WLF,2000 Population,14723,2000
Oceania,Vanuatu,VUT,2000 Population,192074,2000
Oceania,Tuvalu,TUV,2000 Population,9638,2000
Oceania,Tonga,TON,2000 Population,102603,2000
Oceania,Tokelau,TKL,2000 Population,1666,2000
Oceania,Solomon Islands,SLB,2000 Population,429978,2000
Oceania,Samoa,WSM,2000 Population,184008,2000
Oceania,Papua New Guinea,PNG,2000 Population,5508297,2000
Oceania,Palau,PLW,2000 Population,19726,2000
Oceania,Northern Mariana Islands,NFK,2000 Population,80338,2000
Oceania,Niue,NIU,2000 Population,2074,2000
South America,Bolivia,BOL,2000 Population,8592656,2000
Europe,Denmark,DNK,2000 Population,5340655,2000
North America,Honduras,HND,2000 Population,6656725,2000
North America,Guatemala,GTM,2000 Population,11735894,2000
Europe,Poland,POL,2000 Population,38504431,2000
Europe,Norway,NOR,2000 Population,4491202,2000
Europe,North Macedonia,MKD,2000 Population,2037936,2000
Europe,Netherlands,NLD,2000 Population,15899135,2000
Europe,Montenegro,MNE,2000 Population,633324,2000
Europe,Monaco,MCO,2000 Population,32465,2000
Europe,Moldova,MDA,2000 Population,4251573,2000
Europe,Malta,MLT,2000 Population,399212,2000
Europe,Luxembourg,LUX,2000 Population,435628,2000
Europe,Lithuania,LTU,2000 Population,3599637,2000
Europe,Liechtenstein,LIE,2000 Population,33026,2000
Europe,Latvia,LVA,2000 Population,2392530,2000
Europe,Jersey,JEY,2000 Population,86192,2000
Europe,Italy,ITA,2000 Population,56966397,2000
Europe,Isle of Man,IMN,2000 Population,75562,2000
Europe,Ireland,IRL,2000 Population,3768950,2000
Europe,Iceland,ISL,2000 Population,281462,2000
Europe,Hungary,HUN,2000 Population,10202055,2000
Europe,Guernsey,GGY,2000 Population,59114,2000
Europe,Greece,GRC,2000 Population,11038109,2000
Europe,Gibraltar,GIB,2000 Population,27741,2000
Europe,Germany,DEU,2000 Population,81551677,2000
Europe,France,FRA,2000 Population,58665453,2000
Europe,Finland,FIN,2000 Population,5176209,2000
Europe,Faroe Islands,FRO,2000 Population,45660,2000
Europe,Portugal,PRT,2000 Population,10300626,2000
Europe,Russia,RUS,2000 Population,146844839,2000
Europe,San Marino,SMR,2000 Population,26823,2000
Europe,Serbia,SRB,2000 Population,7935022,2000
North America,Guadeloupe,GLP,2000 Population,424067,2000
North America,Greenland,GRL,2000 Population,56184,2000
North America,El Salvador,SLV,2000 Population,5958482,2000
North America,Dominican Republic,DOM,2000 Population,8540791,2000
North America,Dominica,DMA,2000 Population,68346,2000
North America,Curacao,CUW,2000 Population,141424,2000
North America,Cuba,CUB,2000 Population,11105791,2000
North America,Costa Rica,CRI,2000 Population,3979193,2000
North America,Cayman Islands,CYM,2000 Population,39658,2000
North America,Canada,CAN,2000 Population,30683313,2000
North America,British Virgin Islands,VGB,2000 Population,20104,2000
North America,Bermuda,BMU,2000 Population,61371,2000
North America,Haiti,HTI,2000 Population,8360225,2000
North America,Belize,BLZ,2000 Population,240406,2000
North America,Bahamas,BHS,2000 Population,325014,2000
North America,Aruba,ABW,2000 Population,89101,2000
North America,Antigua and Barbuda,ATG,2000 Population,75055,2000
North America,Anguilla,AIA,2000 Population,11047,2000
Europe,Vatican City,VAT,2000 Population,651,2000
Europe,United Kingdom,GBR,2000 Population,58850043,2000
Europe,Ukraine,UKR,2000 Population,48879755,2000
Europe,Switzerland,CHE,2000 Population,7182059,2000
Europe,Sweden,SWE,2000 Population,8871043,2000
Europe,Spain,ESP,2000 Population,40741651,2000
Europe,Slovenia,SVN,2000 Population,1984339,2000
Europe,Slovakia,SVK,2000 Population,5376690,2000
North America,Barbados,BRB,2000 Population,264657,2000
North America,Grenada,GRD,2000 Population,107432,2000
South America,Venezuela,VEN,2010 Population,28715022,2010
South America,Suriname,SUR,2010 Population,546080,2010
Asia,Mongolia,MNG,2010 Population,2702520,2010
Asia,Maldives,MDV,2010 Population,361575,2010
Asia,Malaysia,MYS,2010 Population,28717731,2010
Asia,Macau,MAC,2010 Population,557297,2010
Asia,Lebanon,LBN,2010 Population,4995800,2010
Asia,Laos,LAO,2010 Population,6323418,2010
Asia,Kyrgyzstan,KGZ,2010 Population,5483774,2010
Asia,Kuwait,KWT,2010 Population,2943356,2010
Asia,Kazakhstan,KAZ,2010 Population,16627837,2010
Asia,Jordan,JOR,2010 Population,6931258,2010
Asia,Japan,JPN,2010 Population,128105431,2010
Asia,Israel,ISR,2010 Population,7328445,2010
Asia,Iraq,IRQ,2010 Population,31264875,2010
Asia,Iran,IRN,2010 Population,75373855,2010
Asia,Indonesia,IDN,2010 Population,244016173,2010
Asia,India,IND,2010 Population,1240613620,2010
Asia,Hong Kong,HKG,2010 Population,7132438,2010
Asia,Georgia,GEO,2010 Population,3836831,2010
Asia,China,CHN,2010 Population,1348191368,2010
Asia,Cambodia,KHM,2010 Population,14363532,2010
Asia,Brunei,BRN,2010 Population,396053,2010
Asia,Bhutan,BTN,2010 Population,705516,2010
Asia,Bangladesh,BGD,2010 Population,148391139,2010
Asia,Bahrain,BHR,2010 Population,1213645,2010
Asia,Azerbaijan,AZE,2010 Population,9237202,2010
Asia,Myanmar,MMR,2010 Population,49390988,2010
Asia,Armenia,ARM,2010 Population,2946293,2010
Asia,Nepal,NPL,2010 Population,27161567,2010
Asia,Oman,OMN,2010 Population,2881914,2010
Europe,Bosnia and Herzegovina,BIH,2010 Population,3811088,2010
Europe,Belgium,BEL,2010 Population,10877947,2010
Europe,Belarus,BLR,2010 Population,9731427,2010
Europe,Austria,AUT,2010 Population,8362829,2010
Europe,Andorra,AND,2010 Population,71519,2010
Europe,Albania,ALB,2010 Population,2913399,2010
Asia,Yemen,YEM,2010 Population,24743946,2010
Asia,Vietnam,VNM,2010 Population,87411012,2010
Asia,Uzbekistan,UZB,2010 Population,28614227,2010
Asia,United Arab Emirates,ARE,2010 Population,8481771,2010
Asia,Turkmenistan,TKM,2010 Population,5267970,2010
Asia,Turkey,TUR,2010 Population,73195345,2010
Asia,Timor-Leste,TLS,2010 Population,1088486,2010
Asia,Thailand,THA,2010 Population,68270489,2010
Asia,Tajikistan,TJK,2010 Population,7621779,2010
Asia,Taiwan,TWN,2010 Population,23083083,2010
Asia,Syria,SYR,2010 Population,22337563,2010
Asia,Sri Lanka,LKA,2010 Population,20668557,2010
Asia,South Korea,KOR,2010 Population,48813042,2010
Asia,Singapore,SGP,2010 Population,5163590,2010
Asia,Saudi Arabia,SAU,2010 Population,29411929,2010
Asia,Qatar,QAT,2010 Population,1713504,2010
Asia,Philippines,PHL,2010 Population,94636700,2010
Asia,Palestine,PSE,2010 Population,3992278,2010
Asia,Pakistan,PAK,2010 Population,194454498,2010
Asia,North Korea,PRK,2010 Population,24686435,2010
Africa,Zimbabwe,ZWE,2010 Population,12839771,2010
Africa,Zambia,ZMB,2010 Population,13792086,2010
Africa,Western Sahara,ESH,2010 Population,413296,2010
Africa,Ivory Coast,CIV,2010 Population,21120042,2010
Africa,Guinea-Bissau,GNB,2010 Population,1567220,2010
Africa,Guinea,GIN,2010 Population,10270728,2010
Africa,Ghana,GHA,2010 Population,25574719,2010
Africa,Gambia,GMB,2010 Population,1937275,2010
Africa,Gabon,GAB,2010 Population,1711105,2010
Africa,Ethiopia,ETH,2010 Population,89237791,2010
Africa,Eswatini,SWZ,2010 Population,1099920,2010
Africa,Eritrea,ERI,2010 Population,3147727,2010
Africa,Equatorial Guinea,GNQ,2010 Population,1094524,2010
Africa,Egypt,EGY,2010 Population,87252413,2010
Africa,Djibouti,DJI,2010 Population,919199,2010
Africa,DR Congo,COD,2010 Population,66391257,2010
Africa,Comoros,COM,2010 Population,656024,2010
Africa,Chad,TCD,2010 Population,11894727,2010
Africa,Central African Republic,CAF,2010 Population,4660067,2010
Africa,Cape Verde,CPV,2010 Population,521212,2010
Africa,Cameroon,CMR,2010 Population,19878036,2010
Africa,Burundi,BDI,2010 Population,9126605,2010
Africa,Burkina Faso,BFA,2010 Population,16116845,2010
Africa,Botswana,BWA,2010 Population,2091664,2010
Africa,Benin,BEN,2010 Population,9445710,2010
Africa,Angola,AGO,2010 Population,23364185,2010
Africa,Algeria,DZA,2010 Population,35856344,2010
South America,Uruguay,URY,2010 Population,3352651,2010
Africa,Kenya,KEN,2010 Population,41517895,2010
Africa,Lesotho,LSO,2010 Population,2022747,2010
Africa,Liberia,LBR,2010 Population,4019956,2010
Africa,Libya,LBY,2010 Population,6491988,2010
Africa,Uganda,UGA,2010 Population,32341728,2010
Africa,Tunisia,TUN,2010 Population,10895063,2010
Africa,Togo,TGO,2010 Population,6571855,2010
Africa,Tanzania,TZA,2010 Population,45110527,2010
Africa,Sudan,SDN,2010 Population,33739933,2010
Africa,South Sudan,SSD,2010 Population,9714419,2010
Africa,South Africa,ZAF,2010 Population,51784921,2010
Africa,Somalia,SOM,2010 Population,12026649,2010
Africa,Sierra Leone,SLE,2010 Population,6436698,2010
Africa,Seychelles,SYC,2010 Population,92409,2010
Africa,Senegal,SEN,2010 Population,12530121,2010
Africa,Sao Tome and Principe,STP,2010 Population,182138,2010
Europe,Bulgaria,BGR,2010 Population,7592273,2010
Africa,Rwanda,RWA,2010 Population,10309031,2010
Africa,Republic of the Congo,COG,2010 Population,4437884,2010
Africa,Nigeria,NGA,2010 Population,160952853,2010
Africa,Niger,NER,2010 Population,16647543,2010
Africa,Namibia,NAM,2010 Population,2099271,2010
Africa,Mozambique,MOZ,2010 Population,23073723,2010
Africa,Morocco,MAR,2010 Population,32464865,2010
Africa,Mayotte,MYT,2010 Population,211786,2010
Africa,Mauritius,MUS,2010 Population,1283330,2010
Africa,Mauritania,MRT,2010 Population,3419461,2010
Africa,Mali,MLI,2010 Population,15529181,2010
Africa,Malawi,MWI,2010 Population,14718422,2010
Africa,Madagascar,MDG,2010 Population,21731053,2010
Africa,Reunion,REU,2010 Population,890130,2010
Europe,Croatia,HRV,2010 Population,4368682,2010
Asia,Afghanistan,AFG,2010 Population,28189672,2010
Europe,Czech Republic,CZE,2010 Population,10464749,2010
Oceania,Fiji,FJI,2010 Population,905169,2010
Oceania,Cook Islands,COK,2010 Population,17212,2010
Oceania,Australia,AUS,2010 Population,22019168,2010
Oceania,American Samoa,ASM,2010 Population,54849,2010
North America,United States Virgin Islands,VIR,2010 Population,106142,2010
North America,United States,USA,2010 Population,311182845,2010
North America,Turks and Caicos Islands,TCA,2010 Population,29726,2010
North America,Trinidad and Tobago,TTO,2010 Population,1410296,2010
North America,Sint Maarten,SXM,2010 Population,33034,2010
North America,Saint Vincent and the Grenadines,VCT,2010 Population,109308,2010
North America,Saint Pierre and Miquelon,SPM,2010 Population,6052,2010
North America,Saint Martin,MAF,2010 Population,36458,2010
North America,Saint Lucia,LCA,2010 Population,170935,2010
North America,Saint Kitts and Nevis,KNA,2010 Population,47403,2010
North America,Saint Barthelemy,BLM,2010 Population,8988,2010
North America,Puerto Rico,PRI,2010 Population,3717922,2010
North America,Panama,PAN,2010 Population,3623617,2010
North America,Nicaragua,NIC,2010 Population,5855734,2010
North America,Montserrat,MSR,2010 Population,4938,2010
North America,Mexico,MEX,2010 Population,112532401,2010
North America,Martinique,MTQ,2010 Population,392181,2010
North America,Jamaica,JAM,2010 Population,2733896,2010
North America,Honduras,HND,2010 Population,8450933,2010
North America,Haiti,HTI,2010 Population,9842880,2010
North America,Guatemala,GTM,2010 Population,14543121,2010
Oceania,French Polynesia,PYF,2010 Population,283788,2010
Oceania,Guam,GUM,2010 Population,164905,2010
Oceania,Kiribati,KIR,2010 Population,107995,2010
Oceania,Marshall Islands,MHL,2010 Population,53416,2010
Europe,Cyprus,CYP,2010 Population,1129686,2010
South America,Paraguay,PRY,2010 Population,5768613,2010
South America,Guyana,GUY,2010 Population,747932,2010
South America,French Guiana,GUF,2010 Population,228453,2010
South America,Falkland Islands,FLK,2010 Population,3187,2010
South America,Ecuador,ECU,2010 Population,14989585,2010
South America,Colombia,COL,2010 Population,44816108,2010
South America,Chile,CHL,2010 Population,17004162,2010
South America,Brazil,BRA,2010 Population,196353492,2010
South America,Bolivia,BOL,2010 Population,10223270,2010
South America,Argentina,ARG,2010 Population,41100123,2010
Oceania,Wallis and Futuna,WLF,2010 Population,13142,2010
North America,Guadeloupe,GLP,2010 Population,403072,2010
Oceania,Vanuatu,VUT,2010 Population,245453,2010
Oceania,Tonga,TON,2010 Population,107383,2010
Oceania,Tokelau,TKL,2010 Population,1367,2010
Oceania,Solomon Islands,SLB,2010 Population,540394,2010
Oceania,Samoa,WSM,2010 Population,194672,2010
Oceania,Papua New Guinea,PNG,2010 Population,7583269,2010
Oceania,Palau,PLW,2010 Population,18540,2010
Oceania,Northern Mariana Islands,NFK,2010 Population,54087,2010
Oceania,Niue,NIU,2010 Population,1812,2010
Oceania,New Zealand,NZL,2010 Population,4346338,2010
Oceania,New Caledonia,NCL,2010 Population,261426,2010
Oceania,Nauru,NRU,2010 Population,10241,2010
Oceania,Micronesia,FSM,2010 Population,107588,2010
Oceania,Tuvalu,TUV,2010 Population,10550,2010
North America,Grenada,GRD,2010 Population,114039,2010
South America,Peru,PER,2010 Population,29229572,2010
Europe,Denmark,DNK,2010 Population,5550849,2010
Europe,Norway,NOR,2010 Population,4889741,2010
Europe,North Macedonia,MKD,2010 Population,2093828,2010
Europe,Netherlands,NLD,2010 Population,16617116,2010
Europe,Montenegro,MNE,2010 Population,631044,2010
Europe,Monaco,MCO,2010 Population,33178,2010
Europe,Moldova,MDA,2010 Population,3678186,2010
Europe,Malta,MLT,2010 Population,418755,2010
Europe,Luxembourg,LUX,2010 Population,507070,2010
Europe,Lithuania,LTU,2010 Population,3139019,2010
Europe,Liechtenstein,LIE,2010 Population,35926,2010
Europe,Jersey,JEY,2010 Population,96151,2010
Europe,Italy,ITA,2010 Population,59822450,2010
Europe,Isle of Man,IMN,2010 Population,83828,2010
Europe,Ireland,IRL,2010 Population,4524585,2010
Europe,Iceland,ISL,2010 Population,318333,2010
Europe,Hungary,HUN,2010 Population,9986825,2010
Europe,Guernsey,GGY,2010 Population,60782,2010
Europe,Greece,GRC,2010 Population,11033783,2010
Europe,Gibraltar,GIB,2010 Population,31262,2010
Europe,Germany,DEU,2010 Population,81325090,2010
Europe,France,FRA,2010 Population,62444567,2010
Europe,Finland,FIN,2010 Population,5363271,2010
Europe,Faroe Islands,FRO,2010 Population,48410,2010
Europe,Estonia,EST,2010 Population,1331535,2010
North America,Greenland,GRL,2010 Population,56351,2010
Europe,Poland,POL,2010 Population,38597353,2010
Europe,Portugal,PRT,2010 Population,10588401,2010
Europe,Latvia,LVA,2010 Population,2101530,2010
Europe,Russia,RUS,2010 Population,143242599,2010
Europe,Romania,ROU,2010 Population,20335211,2010
North America,Dominican Republic,DOM,2010 Population,9775755,2010
North America,Dominica,DMA,2010 Population,68755,2010
North America,Curacao,CUW,2010 Population,159380,2010
North America,Cuba,CUB,2010 Population,11290417,2010
North America,Costa Rica,CRI,2010 Population,4622252,2010
North America,Cayman Islands,CYM,2010 Population,54074,2010
North America,Canada,CAN,2010 Population,33963412,2010
North America,Bermuda,BMU,2010 Population,63447,2010
North America,Belize,BLZ,2010 Population,322106,2010
North America,Barbados,BRB,2010 Population,274711,2010
North America,Bahamas,BHS,2010 Population,373272,2010
North America,Aruba,ABW,2010 Population,100341,2010
North America,British Virgin Islands,VGB,2010 Population,27556,2010
North America,El Salvador,SLV,2010 Population,6114034,2010
North America,Antigua and Barbuda,ATG,2010 Population,85695,2010
Europe,Serbia,SRB,2010 Population,7653748,2010
Europe,Slovakia,SVK,2010 Population,5396424,2010
Europe,Slovenia,SVN,2010 Population,2057286,2010
Europe,Spain,ESP,2010 Population,46572772,2010
Europe,Sweden,SWE,2010 Population,9381729,2010
Europe,San Marino,SMR,2010 Population,31608,2010
Europe,Ukraine,UKR,2010 Population,45683020,2010
Europe,United Kingdom,GBR,2010 Population,62760039,2010
Europe,Vatican City,VAT,2010 Population,596,2010
North America,Anguilla,AIA,2010 Population,13172,2010
Europe,Switzerland,CHE,2010 Population,7822435,2010
Asia,Kazakhstan,KAZ,2015 Population,17835909,2015
Asia,Kuwait,KWT,2015 Population,3908743,2015
Asia,Kyrgyzstan,KGZ,2015 Population,5914980,2015
Asia,Laos,LAO,2015 Population,6787419,2015
Asia,Lebanon,LBN,2015 Population,6398940,2015
Asia,Malaysia,MYS,2015 Population,31068833,2015
Asia,Maldives,MDV,2015 Population,435582,2015
Asia,Mongolia,MNG,2015 Population,2964749,2015
Asia,Myanmar,MMR,2015 Population,51483949,2015
Asia,Jordan,JOR,2015 Population,9494246,2015
Asia,Macau,MAC,2015 Population,615239,2015
Asia,Japan,JPN,2015 Population,127250933,2015
Asia,Bahrain,BHR,2015 Population,1362142,2015
Asia,Iraq,IRQ,2015 Population,37757813,2015
Asia,Iran,IRN,2015 Population,81790841,2015
Asia,Indonesia,IDN,2015 Population,259091970,2015
Asia,India,IND,2015 Population,1322866505,2015
Asia,Hong Kong,HKG,2015 Population,7399838,2015
Asia,Georgia,GEO,2015 Population,3771132,2015
Asia,China,CHN,2015 Population,1393715448,2015
Asia,Cambodia,KHM,2015 Population,15417523,2015
Asia,Brunei,BRN,2015 Population,421437,2015
Asia,Bhutan,BTN,2015 Population,743274,2015
Asia,Bangladesh,BGD,2015 Population,157830000,2015
Asia,Nepal,NPL,2015 Population,27610325,2015
Asia,Israel,ISR,2015 Population,8007778,2015
Asia,North Korea,PRK,2015 Population,25258015,2015
Europe,Croatia,HRV,2015 Population,4254815,2015
Asia,Pakistan,PAK,2015 Population,210969298,2015
Asia,Azerbaijan,AZE,2015 Population,9863480,2015
Europe,Bulgaria,BGR,2015 Population,7309253,2015
Europe,Bosnia and Herzegovina,BIH,2015 Population,3524324,2015
Europe,Belgium,BEL,2015 Population,11248303,2015
Europe,Belarus,BLR,2015 Population,9700609,2015
Europe,Austria,AUT,2015 Population,8642421,2015
Europe,Andorra,AND,2015 Population,71746,2015
Europe,Albania,ALB,2015 Population,2882481,2015
Asia,Yemen,YEM,2015 Population,28516545,2015
Asia,Vietnam,VNM,2015 Population,92191398,2015
Asia,Uzbekistan,UZB,2015 Population,30949417,2015
Asia,United Arab Emirates,ARE,2015 Population,8916899,2015
Asia,Oman,OMN,2015 Population,4191776,2015
Asia,Turkmenistan,TKM,2015 Population,5766431,2015
Asia,Timor-Leste,TLS,2015 Population,1205813,2015
Asia,Thailand,THA,2015 Population,70294397,2015
Asia,Tajikistan,TJK,2015 Population,8524063,2015
Asia,Taiwan,TWN,2015 Population,23512136,2015
Asia,Syria,SYR,2015 Population,19205178,2015
Asia,Sri Lanka,LKA,2015 Population,21336697,2015
Asia,South Korea,KOR,2015 Population,50994401,2015
Asia,Singapore,SGP,2015 Population,5650018,2015
Asia,Saudi Arabia,SAU,2015 Population,32749848,2015
Asia,Qatar,QAT,2015 Population,2414573,2015
Asia,Philippines,PHL,2015 Population,103031365,2015
Asia,Palestine,PSE,2015 Population,4484614,2015
Asia,Turkey,TUR,2015 Population,79646178,2015
Asia,Armenia,ARM,2015 Population,2878595,2015
Africa,Malawi,MWI,2015 Population,16938942,2015
Africa,Zimbabwe,ZWE,2015 Population,14154937,2015
Africa,Kenya,KEN,2015 Population,46851488,2015
Africa,Ivory Coast,CIV,2015 Population,23596741,2015
Africa,Guinea-Bissau,GNB,2015 Population,1788919,2015
Africa,Guinea,GIN,2015 Population,11625998,2015
Africa,Ghana,GHA,2015 Population,28870939,2015
Africa,Gambia,GMB,2015 Population,2253133,2015
Africa,Gabon,GAB,2015 Population,2028517,2015
Africa,Ethiopia,ETH,2015 Population,102471895,2015
Africa,Eswatini,SWZ,2015 Population,1133936,2015
Africa,Eritrea,ERI,2015 Population,3340006,2015
Africa,Equatorial Guinea,GNQ,2015 Population,1346973,2015
Africa,Egypt,EGY,2015 Population,97723799,2015
Africa,Djibouti,DJI,2015 Population,1006259,2015
Africa,DR Congo,COD,2015 Population,78656904,2015
Africa,Comoros,COM,2015 Population,730216,2015
Africa,Chad,TCD,2015 Population,14140274,2015
Africa,Central African Republic,CAF,2015 Population,4819333,2015
Africa,Cape Verde,CPV,2015 Population,552166,2015
Africa,Cameroon,CMR,2015 Population,23012646,2015
Africa,Burundi,BDI,2015 Population,10727148,2015
Africa,Burkina Faso,BFA,2015 Population,18718019,2015
Africa,Botswana,BWA,2015 Population,2305171,2015
Africa,Benin,BEN,2015 Population,10932783,2015
Africa,Angola,AGO,2015 Population,28127721,2015
Africa,Algeria,DZA,2015 Population,39543154,2015
Africa,Lesotho,LSO,2015 Population,2118521,2015
Africa,Liberia,LBR,2015 Population,4612329,2015
Africa,Libya,LBY,2015 Population,6192235,2015
Africa,Madagascar,MDG,2015 Population,24850912,2015
Africa,Zambia,ZMB,2015 Population,16248230,2015
Africa,Western Sahara,ESH,2015 Population,491824,2015
Africa,Uganda,UGA,2015 Population,37477356,2015
Africa,Tunisia,TUN,2015 Population,11557779,2015
Africa,Togo,TGO,2015 Population,7473229,2015
Africa,Tanzania,TZA,2015 Population,52542823,2015
Africa,Sudan,SDN,2015 Population,38171178,2015
Africa,South Sudan,SSD,2015 Population,11194299,2015
Africa,South Africa,ZAF,2015 Population,55876504,2015
Africa,Somalia,SOM,2015 Population,13763906,2015
Africa,Sierra Leone,SLE,2015 Population,7314773,2015
Africa,Seychelles,SYC,2015 Population,99240,2015
Asia,Afghanistan,AFG,2015 Population,33753499,2015
Africa,Senegal,SEN,2015 Population,14356181,2015
Africa,Rwanda,RWA,2015 Population,11642959,2015
Africa,Reunion,REU,2015 Population,922495,2015
Africa,Republic of the Congo,COG,2015 Population,5064386,2015
Africa,Nigeria,NGA,2015 Population,183995785,2015
Africa,Niger,NER,2015 Population,20128124,2015
Africa,Namibia,NAM,2015 Population,2282704,2015
Africa,Mozambique,MOZ,2015 Population,26843246,2015
Africa,Morocco,MAR,2015 Population,34680458,2015
Africa,Mayotte,MYT,2015 Population,249545,2015
Africa,Mauritius,MUS,2015 Population,1293153,2015
Africa,Mauritania,MRT,2015 Population,3946220,2015
Africa,Mali,MLI,2015 Population,18112907,2015
Africa,Sao Tome and Principe,STP,2015 Population,201124,2015
Europe,Cyprus,CYP,2015 Population,1187280,2015
North America,Grenada,GRD,2015 Population,118980,2015
Europe,Denmark,DNK,2015 Population,5677796,2015
Oceania,Marshall Islands,MHL,2015 Population,49410,2015
Oceania,Guam,GUM,2015 Population,167978,2015
Oceania,French Polynesia,PYF,2015 Population,291787,2015
Oceania,Fiji,FJI,2015 Population,917200,2015
Oceania,Cook Islands,COK,2015 Population,17695,2015
Oceania,Australia,AUS,2015 Population,23820236,2015
Oceania,American Samoa,ASM,2015 Population,51368,2015
North America,United States Virgin Islands,VIR,2015 Population,102803,2015
North America,United States,USA,2015 Population,324607776,2015
North America,Turks and Caicos Islands,TCA,2015 Population,36538,2015
North America,Trinidad and Tobago,TTO,2015 Population,1460177,2015
North America,Sint Maarten,SXM,2015 Population,40205,2015
Oceania,Micronesia,FSM,2015 Population,109462,2015
North America,Saint Vincent and the Grenadines,VCT,2015 Population,106482,2015
North America,Saint Martin,MAF,2015 Population,35020,2015
North America,Saint Lucia,LCA,2015 Population,175623,2015
North America,Saint Kitts and Nevis,KNA,2015 Population,47790,2015
North America,Saint Barthelemy,BLM,2015 Population,9643,2015
North America,Puerto Rico,PRI,2015 Population,3497335,2015
North America,Panama,PAN,2015 Population,3957099,2015
North America,Nicaragua,NIC,2015 Population,6298598,2015
North America,Montserrat,MSR,2015 Population,5059,2015
North America,Mexico,MEX,2015 Population,120149897,2015
North America,Martinique,MTQ,2015 Population,383515,2015
North America,Jamaica,JAM,2015 Population,2794445,2015
North America,Honduras,HND,2015 Population,9294505,2015
North America,Saint Pierre and Miquelon,SPM,2015 Population,5978,2015
North America,Haiti,HTI,2015 Population,10563757,2015
Oceania,Nauru,NRU,2015 Population,11185,2015
Oceania,New Zealand,NZL,2015 Population,4590590,2015
South America,Venezuela,VEN,2015 Population,30529716,2015
Europe,Czech Republic,CZE,2015 Population,10523798,2015
South America,Uruguay,URY,2015 Population,3402818,2015
South America,Suriname,SUR,2015 Population,575475,2015
South America,Peru,PER,2015 Population,30711863,2015
South America,Paraguay,PRY,2015 Population,6177950,2015
South America,Guyana,GUY,2015 Population,755031,2015
South America,French Guiana,GUF,2015 Population,257026,2015
South America,Falkland Islands,FLK,2015 Population,3408,2015
South America,Ecuador,ECU,2015 Population,16195902,2015
South America,Colombia,COL,2015 Population,47119728,2015
South America,Chile,CHL,2015 Population,17870124,2015
Oceania,New Caledonia,NCL,2015 Population,283032,2015
South America,Brazil,BRA,2015 Population,205188205,2015
South America,Argentina,ARG,2015 Population,43257065,2015
Oceania,Wallis and Futuna,WLF,2015 Population,12182,2015
Oceania,Vanuatu,VUT,2015 Population,276438,2015
Oceania,Tuvalu,TUV,2015 Population,10877,2015
Oceania,Tonga,TON,2015 Population,106122,2015
Oceania,Tokelau,TKL,2015 Population,1454,2015
Oceania,Solomon Islands,SLB,2015 Population,612660,2015
Oceania,Samoa,WSM,2015 Population,203571,2015
Oceania,Papua New Guinea,PNG,2015 Population,8682174,2015
Oceania,Palau,PLW,2015 Population,17794,2015
Oceania,Northern Mariana Islands,NFK,2015 Population,51514,2015
Oceania,Niue,NIU,2015 Population,1847,2015
South America,Bolivia,BOL,2015 Population,11090085,2015
North America,Guatemala,GTM,2015 Population,16001107,2015
Oceania,Kiribati,KIR,2015 Population,116707,2015
Europe,Faroe Islands,FRO,2015 Population,48816,2015
Europe,Portugal,PRT,2015 Population,10365435,2015
Europe,Poland,POL,2015 Population,38553146,2015
Europe,Norway,NOR,2015 Population,5190356,2015
Europe,North Macedonia,MKD,2015 Population,2107962,2015
Europe,Netherlands,NLD,2015 Population,17041107,2015
Europe,Montenegro,MNE,2015 Population,633966,2015
Europe,Monaco,MCO,2015 Population,36760,2015
Europe,Moldova,MDA,2015 Population,3277388,2015
Europe,Malta,MLT,2015 Population,456579,2015
Europe,Luxembourg,LUX,2015 Population,569408,2015
Europe,Liechtenstein,LIE,2015 Population,37355,2015
Europe,Latvia,LVA,2015 Population,1991955,2015
Europe,Romania,ROU,2015 Population,19906079,2015
Europe,Jersey,JEY,2015 Population,100561,2015
Europe,Isle of Man,IMN,2015 Population,83593,2015
Europe,Ireland,IRL,2015 Population,4665760,2015
Europe,Iceland,ISL,2015 Population,331060,2015
Europe,Hungary,HUN,2015 Population,9844246,2015
Europe,Guernsey,GGY,2015 Population,61629,2015
Europe,Greece,GRC,2015 Population,10806641,2015
Europe,Gibraltar,GIB,2015 Population,32520,2015
Europe,Germany,DEU,2015 Population,82073226,2015
Europe,France,FRA,2015 Population,63809769,2015
Europe,Finland,FIN,2015 Population,5479461,2015
North America,Guadeloupe,GLP,2015 Population,399089,2015
Europe,Estonia,EST,2015 Population,1314657,2015
Europe,Italy,ITA,2015 Population,60232906,2015
Europe,Russia,RUS,2015 Population,144668389,2015
Europe,Lithuania,LTU,2015 Population,2963765,2015
Europe,Serbia,SRB,2015 Population,7519496,2015
North America,Greenland,GRL,2015 Population,55895,2015
Europe,San Marino,SMR,2015 Population,33570,2015
North America,Dominican Republic,DOM,2015 Population,10405832,2015
North America,Dominica,DMA,2015 Population,70007,2015
North America,Curacao,CUW,2015 Population,169572,2015
North America,Cuba,CUB,2015 Population,11339894,2015
North America,Costa Rica,CRI,2015 Population,4895242,2015
North America,Cayman Islands,CYM,2015 Population,60911,2015
North America,Canada,CAN,2015 Population,35732126,2015
North America,British Virgin Islands,VGB,2015 Population,29366,2015
North America,Bermuda,BMU,2015 Population,63144,2015
North America,Belize,BLZ,2015 Population,359871,2015
North America,Barbados,BRB,2015 Population,278083,2015
North America,El Salvador,SLV,2015 Population,6231066,2015
North America,Aruba,ABW,2015 Population,104257,2015
North America,Bahamas,BHS,2015 Population,392697,2015
Europe,Slovenia,SVN,2015 Population,2080862,2015
Europe,Spain,ESP,2015 Population,46431342,2015
Europe,Sweden,SWE,2015 Population,9849349,2015
Europe,Switzerland,CHE,2015 Population,8281732,2015
Europe,Slovakia,SVK,2015 Population,5424444,2015
Europe,United Kingdom,GBR,2015 Population,65224364,2015
Europe,Vatican City,VAT,2015 Population,564,2015
North America,Anguilla,AIA,2015 Population,14525,2015
North America,Antigua and Barbuda,ATG,2015 Population,89941,2015
Europe,Ukraine,UKR,2015 Population,44982564,2015
Asia,Jordan,JOR,2020 Population,10928721,2020
Asia,Kazakhstan,KAZ,2020 Population,18979243,2020
Asia,Kuwait,KWT,2020 Population,4360444,2020
Asia,Kyrgyzstan,KGZ,2020 Population,6424874,2020
Asia,Lebanon,LBN,2020 Population,5662923,2020
Asia,Macau,MAC,2020 Population,676283,2020
Asia,Malaysia,MYS,2020 Population,33199993,2020
Asia,Maldives,MDV,2020 Population,514438,2020
Asia,Japan,JPN,2020 Population,125244761,2020
Asia,Mongolia,MNG,2020 Population,3294335,2020
Asia,Laos,LAO,2020 Population,7319399,2020
Asia,Israel,ISR,2020 Population,8757489,2020
Asia,Georgia,GEO,2020 Population,3765912,2020
Asia,Iran,IRN,2020 Population,87290193,2020
Asia,Indonesia,IDN,2020 Population,271857970,2020
Asia,India,IND,2020 Population,1396387127,2020
Asia,Hong Kong,HKG,2020 Population,7500958,2020
Asia,China,CHN,2020 Population,1424929781,2020
Asia,Cambodia,KHM,2020 Population,16396860,2020
Asia,Brunei,BRN,2020 Population,441725,2020
Asia,Bhutan,BTN,2020 Population,772506,2020
Asia,Bangladesh,BGD,2020 Population,167420951,2020
Asia,Bahrain,BHR,2020 Population,1477469,2020
Asia,Azerbaijan,AZE,2020 Population,10284951,2020
Asia,Myanmar,MMR,2020 Population,53423198,2020
Asia,Iraq,IRQ,2020 Population,42556984,2020
Asia,Nepal,NPL,2020 Population,29348627,2020
Europe,Bulgaria,BGR,2020 Population,6979175,2020
Asia,Oman,OMN,2020 Population,4543399,2020
Asia,Armenia,ARM,2020 Population,2805608,2020
Europe,Bosnia and Herzegovina,BIH,2020 Population,3318407,2020
Europe,Belgium,BEL,2020 Population,11561717,2020
Europe,Belarus,BLR,2020 Population,9633740,2020
Europe,Austria,AUT,2020 Population,8907777,2020
Europe,Andorra,AND,2020 Population,77700,2020
Europe,Albania,ALB,2020 Population,2866849,2020
Asia,Yemen,YEM,2020 Population,32284046,2020
Asia,Vietnam,VNM,2020 Population,96648685,2020
Asia,Uzbekistan,UZB,2020 Population,33526656,2020
Asia,United Arab Emirates,ARE,2020 Population,9287289,2020
Asia,Turkmenistan,TKM,2020 Population,6250438,2020
Asia,North Korea,PRK,2020 Population,25867467,2020
Asia,Turkey,TUR,2020 Population,84135428,2020
Asia,Thailand,THA,2020 Population,71475664,2020
Asia,Tajikistan,TJK,2020 Population,9543207,2020
Asia,Taiwan,TWN,2020 Population,23821464,2020
Asia,Syria,SYR,2020 Population,20772595,2020
Asia,Sri Lanka,LKA,2020 Population,21715079,2020
Asia,South Korea,KOR,2020 Population,51844690,2020
Asia,Singapore,SGP,2020 Population,5909869,2020
Asia,Saudi Arabia,SAU,2020 Population,35997107,2020
Asia,Qatar,QAT,2020 Population,2760385,2020
Asia,Philippines,PHL,2020 Population,112190977,2020
Asia,Palestine,PSE,2020 Population,5019401,2020
Asia,Pakistan,PAK,2020 Population,227196741,2020
Asia,Timor-Leste,TLS,2020 Population,1299995,2020
Asia,Afghanistan,AFG,2020 Population,38972230,2020
Africa,Algeria,DZA,2020 Population,43451666,2020
Africa,Zambia,ZMB,2020 Population,18927715,2020
Africa,Kenya,KEN,2020 Population,51985780,2020
Africa,Ivory Coast,CIV,2020 Population,26811790,2020
Africa,Guinea-Bissau,GNB,2020 Population,2015828,2020
Africa,Guinea,GIN,2020 Population,13205153,2020
Africa,Ghana,GHA,2020 Population,32180401,2020
Africa,Gambia,GMB,2020 Population,2573995,2020
Africa,Gabon,GAB,2020 Population,2292573,2020
Africa,Ethiopia,ETH,2020 Population,117190911,2020
Africa,Eswatini,SWZ,2020 Population,1180655,2020
Africa,Eritrea,ERI,2020 Population,3555868,2020
Africa,Equatorial Guinea,GNQ,2020 Population,1596049,2020
Africa,Egypt,EGY,2020 Population,107465134,2020
Africa,Djibouti,DJI,2020 Population,1090156,2020
Africa,DR Congo,COD,2020 Population,92853164,2020
Africa,Comoros,COM,2020 Population,806166,2020
Africa,Chad,TCD,2020 Population,16644701,2020
Africa,Central African Republic,CAF,2020 Population,5343020,2020
Africa,Cape Verde,CPV,2020 Population,582640,2020
Africa,Cameroon,CMR,2020 Population,26491087,2020
Africa,Burundi,BDI,2020 Population,12220227,2020
Africa,Burkina Faso,BFA,2020 Population,21522626,2020
Africa,Botswana,BWA,2020 Population,2546402,2020
Africa,Benin,BEN,2020 Population,12643123,2020
Africa,Angola,AGO,2020 Population,33428485,2020
Europe,Croatia,HRV,2020 Population,4096868,2020
Africa,Lesotho,LSO,2020 Population,2254100,2020
Africa,Liberia,LBR,2020 Population,5087584,2020
Africa,Libya,LBY,2020 Population,6653942,2020
Africa,Madagascar,MDG,2020 Population,28225177,2020
Africa,Western Sahara,ESH,2020 Population,556048,2020
Africa,Uganda,UGA,2020 Population,44404611,2020
Africa,Tunisia,TUN,2020 Population,12161723,2020
Africa,Togo,TGO,2020 Population,8442580,2020
Africa,Tanzania,TZA,2020 Population,61704518,2020
Africa,Sudan,SDN,2020 Population,44440486,2020
Africa,South Sudan,SSD,2020 Population,10606227,2020
Africa,South Africa,ZAF,2020 Population,58801927,2020
Africa,Somalia,SOM,2020 Population,16537016,2020
Africa,Sierra Leone,SLE,2020 Population,8233969,2020
Africa,Seychelles,SYC,2020 Population,105530,2020
Africa,Senegal,SEN,2020 Population,16436119,2020
Africa,Zimbabwe,ZWE,2020 Population,15669666,2020
Africa,Sao Tome and Principe,STP,2020 Population,218641,2020
Africa,Reunion,REU,2020 Population,957822,2020
Africa,Republic of the Congo,COG,2020 Population,5702174,2020
Africa,Nigeria,NGA,2020 Population,208327405,2020
Africa,Niger,NER,2020 Population,24333639,2020
Africa,Namibia,NAM,2020 Population,2489098,2020
Africa,Mozambique,MOZ,2020 Population,31178239,2020
Africa,Morocco,MAR,2020 Population,36688772,2020
Africa,Mayotte,MYT,2020 Population,305587,2020
Africa,Mauritius,MUS,2020 Population,1297828,2020
Africa,Mauritania,MRT,2020 Population,4498604,2020
Africa,Mali,MLI,2020 Population,21224040,2020
Africa,Malawi,MWI,2020 Population,19377061,2020
Africa,Rwanda,RWA,2020 Population,13146362,2020
Europe,Cyprus,CYP,2020 Population,1237537,2020
South America,Uruguay,URY,2020 Population,3429086,2020
Europe,Denmark,DNK,2020 Population,5825641,2020
Oceania,Guam,GUM,2020 Population,169231,2020
Oceania,French Polynesia,PYF,2020 Population,301920,2020
Oceania,Fiji,FJI,2020 Population,920422,2020
Oceania,Cook Islands,COK,2020 Population,17029,2020
Oceania,Australia,AUS,2020 Population,25670051,2020
Oceania,American Samoa,ASM,2020 Population,46189,2020
North America,United States Virgin Islands,VIR,2020 Population,100442,2020
North America,United States,USA,2020 Population,335942003,2020
North America,Turks and Caicos Islands,TCA,2020 Population,44276,2020
North America,Trinidad and Tobago,TTO,2020 Population,1518147,2020
North America,Sint Maarten,SXM,2020 Population,43621,2020
North America,Saint Vincent and the Grenadines,VCT,2020 Population,104632,2020
North America,Saint Pierre and Miquelon,SPM,2020 Population,5906,2020
North America,Saint Martin,MAF,2020 Population,32552,2020
North America,Saint Lucia,LCA,2020 Population,179237,2020
North America,Saint Kitts and Nevis,KNA,2020 Population,47642,2020
North America,Saint Barthelemy,BLM,2020 Population,10681,2020
North America,Puerto Rico,PRI,2020 Population,3271564,2020
North America,Panama,PAN,2020 Population,4294396,2020
North America,Nicaragua,NIC,2020 Population,6755895,2020
North America,Montserrat,MSR,2020 Population,4500,2020
North America,Mexico,MEX,2020 Population,125998302,2020
North America,Martinique,MTQ,2020 Population,370391,2020
North America,Jamaica,JAM,2020 Population,2820436,2020
North America,Honduras,HND,2020 Population,10121763,2020
Europe,Czech Republic,CZE,2020 Population,10530953,2020
Oceania,Marshall Islands,MHL,2020 Population,43413,2020
Oceania,Micronesia,FSM,2020 Population,112106,2020
Oceania,Nauru,NRU,2020 Population,12315,2020
South America,Venezuela,VEN,2020 Population,28490453,2020
South America,Suriname,SUR,2020 Population,607065,2020
South America,Peru,PER,2020 Population,33304756,2020
South America,Paraguay,PRY,2020 Population,6618695,2020
South America,Guyana,GUY,2020 Population,797202,2020
South America,French Guiana,GUF,2020 Population,290969,2020
South America,Falkland Islands,FLK,2020 Population,3747,2020
South America,Ecuador,ECU,2020 Population,17588595,2020
South America,Colombia,COL,2020 Population,50930662,2020
South America,Chile,CHL,2020 Population,19300315,2020
South America,Brazil,BRA,2020 Population,213196304,2020
South America,Bolivia,BOL,2020 Population,11936162,2020
North America,Haiti,HTI,2020 Population,11306801,2020
South America,Argentina,ARG,2020 Population,45036032,2020
Oceania,Vanuatu,VUT,2020 Population,311685,2020
Oceania,Tuvalu,TUV,2020 Population,11069,2020
Oceania,Tonga,TON,2020 Population,105254,2020
Oceania,Tokelau,TKL,2020 Population,1827,2020
Oceania,Solomon Islands,SLB,2020 Population,691191,2020
Oceania,Samoa,WSM,2020 Population,214929,2020
Oceania,Papua New Guinea,PNG,2020 Population,9749640,2020
Oceania,Palau,PLW,2020 Population,17972,2020
Oceania,Northern Mariana Islands,NFK,2020 Population,49587,2020
Oceania,Niue,NIU,2020 Population,1942,2020
Oceania,New Zealand,NZL,2020 Population,5061133,2020
Oceania,New Caledonia,NCL,2020 Population,286403,2020
Oceania,Wallis and Futuna,WLF,2020 Population,11655,2020
North America,Guatemala,GTM,2020 Population,17362718,2020
Oceania,Kiribati,KIR,2020 Population,126463,2020
North America,Grenada,GRD,2020 Population,123663,2020
Europe,Poland,POL,2020 Population,38428366,2020
Europe,Norway,NOR,2020 Population,5379839,2020
Europe,North Macedonia,MKD,2020 Population,2111072,2020
Europe,Netherlands,NLD,2020 Population,17434557,2020
Europe,Montenegro,MNE,2020 Population,629048,2020
Europe,Monaco,MCO,2020 Population,36922,2020
Europe,Moldova,MDA,2020 Population,3084847,2020
Europe,Malta,MLT,2020 Population,515357,2020
Europe,Luxembourg,LUX,2020 Population,630399,2020
Europe,Lithuania,LTU,2020 Population,2820267,2020
Europe,Liechtenstein,LIE,2020 Population,38756,2020
Europe,Latvia,LVA,2020 Population,1897052,2020
Europe,Portugal,PRT,2020 Population,10298192,2020
Europe,Jersey,JEY,2020 Population,108319,2020
Europe,Isle of Man,IMN,2020 Population,84046,2020
Europe,Ireland,IRL,2020 Population,4946119,2020
Europe,Iceland,ISL,2020 Population,366669,2020
Europe,Hungary,HUN,2020 Population,9750573,2020
Europe,Guernsey,GGY,2020 Population,62794,2020
Europe,Greece,GRC,2020 Population,10512232,2020
Europe,Gibraltar,GIB,2020 Population,32709,2020
Europe,Germany,DEU,2020 Population,83328988,2020
Europe,France,FRA,2020 Population,64480053,2020
Europe,Finland,FIN,2020 Population,5529468,2020
Europe,Faroe Islands,FRO,2020 Population,52415,2020
North America,Guadeloupe,GLP,2020 Population,395642,2020
Europe,Italy,ITA,2020 Population,59500579,2020
Europe,Romania,ROU,2020 Population,19442038,2020
Europe,Estonia,EST,2020 Population,1329444,2020
Europe,San Marino,SMR,2020 Population,34007,2020
North America,Greenland,GRL,2020 Population,56026,2020
North America,El Salvador,SLV,2020 Population,6292731,2020
North America,Dominican Republic,DOM,2020 Population,10999664,2020
North America,Dominica,DMA,2020 Population,71995,2020
North America,Curacao,CUW,2020 Population,189288,2020
North America,Cuba,CUB,2020 Population,11300698,2020
North America,Costa Rica,CRI,2020 Population,5123105,2020
Europe,Russia,RUS,2020 Population,145617329,2020
North America,Canada,CAN,2020 Population,37888705,2020
North America,British Virgin Islands,VGB,2020 Population,30910,2020
North America,Bermuda,BMU,2020 Population,64031,2020
North America,Belize,BLZ,2020 Population,394921,2020
North America,Barbados,BRB,2020 Population,280693,2020
North America,Cayman Islands,CYM,2020 Population,67311,2020
North America,Aruba,ABW,2020 Population,106585,2020
North America,Bahamas,BHS,2020 Population,406471,2020
Europe,Serbia,SRB,2020 Population,7358005,2020
Europe,Slovakia,SVK,2020 Population,5456681,2020
Europe,Slovenia,SVN,2020 Population,2117641,2020
Europe,Sweden,SWE,2020 Population,10368969,2020
Europe,Spain,ESP,2020 Population,47363807,2020
Europe,Ukraine,UKR,2020 Population,43909666,2020
Europe,United Kingdom,GBR,2020 Population,67059474,2020
Europe,Vatican City,VAT,2020 Population,520,2020
North America,Anguilla,AIA,2020 Population,15585,2020
North America,Antigua and Barbuda,ATG,2020 Population,92664,2020
Europe,Switzerland,CHE,2020 Population,8638613,2020
Asia,Kyrgyzstan,KGZ,2022 Population,6630623,2022
Asia,Jordan,JOR,2022 Population,11285869,2022
Asia,Kazakhstan,KAZ,2022 Population,19397998,2022
Asia,Kuwait,KWT,2022 Population,4268873,2022
Asia,Laos,LAO,2022 Population,7529475,2022
Asia,Myanmar,MMR,2022 Population,54179306,2022
Asia,Macau,MAC,2022 Population,695168,2022
Asia,Malaysia,MYS,2022 Population,33938221,2022
Asia,Maldives,MDV,2022 Population,523787,2022
Asia,Mongolia,MNG,2022 Population,3398366,2022
Asia,Lebanon,LBN,2022 Population,5489739,2022
Asia,Japan,JPN,2022 Population,123951692,2022
Asia,Bahrain,BHR,2022 Population,1472233,2022
Asia,Iraq,IRQ,2022 Population,44496122,2022
Asia,Iran,IRN,2022 Population,88550570,2022
Asia,Indonesia,IDN,2022 Population,275501339,2022
Asia,India,IND,2022 Population,1417173173,2022
Asia,Hong Kong,HKG,2022 Population,7488865,2022
Asia,Georgia,GEO,2022 Population,3744385,2022
Asia,China,CHN,2022 Population,1425887337,2022
Asia,Cambodia,KHM,2022 Population,16767842,2022
Asia,Brunei,BRN,2022 Population,449002,2022
Asia,Bhutan,BTN,2022 Population,782455,2022
Asia,Bangladesh,BGD,2022 Population,171186372,2022
Asia,Nepal,NPL,2022 Population,30547580,2022
Asia,Israel,ISR,2022 Population,9038309,2022
Asia,North Korea,PRK,2022 Population,26069416,2022
Asia,Timor-Leste,TLS,2022 Population,1341296,2022
Asia,Pakistan,PAK,2022 Population,235824862,2022
Europe,Croatia,HRV,2022 Population,4030358,2022
Europe,Bulgaria,BGR,2022 Population,6781953,2022
Europe,Bosnia and Herzegovina,BIH,2022 Population,3233526,2022
Europe,Belgium,BEL,2022 Population,11655930,2022
Europe,Belarus,BLR,2022 Population,9534954,2022
Europe,Austria,AUT,2022 Population,8939617,2022
Europe,Andorra,AND,2022 Population,79824,2022
Europe,Albania,ALB,2022 Population,2842321,2022
Asia,Yemen,YEM,2022 Population,33696614,2022
Asia,Vietnam,VNM,2022 Population,98186856,2022
Asia,Uzbekistan,UZB,2022 Population,34627652,2022
Asia,United Arab Emirates,ARE,2022 Population,9441129,2022
Asia,Turkmenistan,TKM,2022 Population,6430770,2022
Asia,Turkey,TUR,2022 Population,85341241,2022
Asia,Thailand,THA,2022 Population,71697030,2022
Asia,Tajikistan,TJK,2022 Population,9952787,2022
Asia,Taiwan,TWN,2022 Population,23893394,2022
Asia,Syria,SYR,2022 Population,22125249,2022
Asia,Sri Lanka,LKA,2022 Population,21832143,2022
Asia,South Korea,KOR,2022 Population,51815810,2022
Asia,Singapore,SGP,2022 Population,5975689,2022
Asia,Saudi Arabia,SAU,2022 Population,36408820,2022
Asia,Qatar,QAT,2022 Population,2695122,2022
Asia,Philippines,PHL,2022 Population,115559009,2022
Asia,Palestine,PSE,2022 Population,5250072,2022
Asia,Oman,OMN,2022 Population,4576298,2022
Asia,Azerbaijan,AZE,2022 Population,10358074,2022
Africa,Angola,AGO,2022 Population,35588987,2022
Asia,Afghanistan,AFG,2022 Population,41128771,2022
Africa,Liberia,LBR,2022 Population,5302681,2022
Africa,Lesotho,LSO,2022 Population,2305825,2022
Africa,Kenya,KEN,2022 Population,54027487,2022
Africa,Ivory Coast,CIV,2022 Population,28160542,2022
Africa,Guinea-Bissau,GNB,2022 Population,2105566,2022
Africa,Guinea,GIN,2022 Population,13859341,2022
Africa,Ghana,GHA,2022 Population,33475870,2022
Africa,Gambia,GMB,2022 Population,2705992,2022
Africa,Gabon,GAB,2022 Population,2388992,2022
Africa,Ethiopia,ETH,2022 Population,123379924,2022
Africa,Eswatini,SWZ,2022 Population,1201670,2022
Africa,Eritrea,ERI,2022 Population,3684032,2022
Africa,Libya,LBY,2022 Population,6812341,2022
Africa,Equatorial Guinea,GNQ,2022 Population,1674908,2022
Africa,Djibouti,DJI,2022 Population,1120849,2022
Africa,DR Congo,COD,2022 Population,99010212,2022
Africa,Comoros,COM,2022 Population,836774,2022
Africa,Chad,TCD,2022 Population,17723315,2022
Africa,Central African Republic,CAF,2022 Population,5579144,2022
Africa,Cape Verde,CPV,2022 Population,593149,2022
Africa,Cameroon,CMR,2022 Population,27914536,2022
Africa,Burundi,BDI,2022 Population,12889576,2022
Africa,Burkina Faso,BFA,2022 Population,22673762,2022
Africa,Botswana,BWA,2022 Population,2630296,2022
Africa,Benin,BEN,2022 Population,13352864,2022
Europe,Cyprus,CYP,2022 Population,1251488,2022
Africa,Egypt,EGY,2022 Population,110990103,2022
Asia,Armenia,ARM,2022 Population,2780469,2022
Africa,Madagascar,MDG,2022 Population,29611714,2022
Africa,Mali,MLI,2022 Population,22593590,2022
Africa,Zimbabwe,ZWE,2022 Population,16320537,2022
Africa,Zambia,ZMB,2022 Population,20017675,2022
Africa,Western Sahara,ESH,2022 Population,575986,2022
Africa,Uganda,UGA,2022 Population,47249585,2022
Africa,Tunisia,TUN,2022 Population,12356117,2022
Africa,Togo,TGO,2022 Population,8848699,2022
Africa,Tanzania,TZA,2022 Population,65497748,2022
Africa,Sudan,SDN,2022 Population,46874204,2022
Africa,South Sudan,SSD,2022 Population,10913164,2022
Africa,South Africa,ZAF,2022 Population,59893885,2022
Africa,Somalia,SOM,2022 Population,17597511,2022
Africa,Sierra Leone,SLE,2022 Population,8605718,2022
Africa,Malawi,MWI,2022 Population,20405317,2022
Africa,Seychelles,SYC,2022 Population,107118,2022
Africa,Sao Tome and Principe,STP,2022 Population,227380,2022
Africa,Rwanda,RWA,2022 Population,13776698,2022
Africa,Reunion,REU,2022 Population,974052,2022
Africa,Republic of the Congo,COG,2022 Population,5970424,2022
Africa,Nigeria,NGA,2022 Population,218541212,2022
Africa,Niger,NER,2022 Population,26207977,2022
Africa,Namibia,NAM,2022 Population,2567012,2022
Africa,Mozambique,MOZ,2022 Population,32969517,2022
Africa,Morocco,MAR,2022 Population,37457971,2022
Africa,Mayotte,MYT,2022 Population,326101,2022
Africa,Mauritius,MUS,2022 Population,1299469,2022
Africa,Mauritania,MRT,2022 Population,4736139,2022
Africa,Senegal,SEN,2022 Population,17316449,2022
Europe,Czech Republic,CZE,2022 Population,10493986,2022
North America,Grenada,GRD,2022 Population,125438,2022
Europe,Estonia,EST,2022 Population,1326062,2022
Oceania,Kiribati,KIR,2022 Population,131232,2022
Oceania,Guam,GUM,2022 Population,171774,2022
Oceania,French Polynesia,PYF,2022 Population,306279,2022
Oceania,Fiji,FJI,2022 Population,929766,2022
Oceania,Cook Islands,COK,2022 Population,17011,2022
Oceania,Australia,AUS,2022 Population,26177413,2022
Oceania,American Samoa,ASM,2022 Population,44273,2022
North America,United States Virgin Islands,VIR,2022 Population,99465,2022
North America,United States,USA,2022 Population,338289857,2022
North America,Turks and Caicos Islands,TCA,2022 Population,45703,2022
North America,Trinidad and Tobago,TTO,2022 Population,1531044,2022
North America,Sint Maarten,SXM,2022 Population,44175,2022
North America,Saint Vincent and the Grenadines,VCT,2022 Population,103948,2022
North America,Saint Pierre and Miquelon,SPM,2022 Population,5862,2022
North America,Saint Martin,MAF,2022 Population,31791,2022
North America,Saint Lucia,LCA,2022 Population,179857,2022
North America,Saint Kitts and Nevis,KNA,2022 Population,47657,2022
North America,Saint Barthelemy,BLM,2022 Population,10967,2022
North America,Puerto Rico,PRI,2022 Population,3252407,2022
North America,Panama,PAN,2022 Population,4408581,2022
North America,Nicaragua,NIC,2022 Population,6948392,2022
North America,Montserrat,MSR,2022 Population,4390,2022
North America,Mexico,MEX,2022 Population,127504125,2022
North America,Martinique,MTQ,2022 Population,367507,2022
North America,Jamaica,JAM,2022 Population,2827377,2022
Oceania,Marshall Islands,MHL,2022 Population,41569,2022
Oceania,Micronesia,FSM,2022 Population,114164,2022
Oceania,Nauru,NRU,2022 Population,12668,2022
Oceania,New Caledonia,NCL,2022 Population,289950,2022
South America,Venezuela,VEN,2022 Population,28301696,2022
South America,Uruguay,URY,2022 Population,3422794,2022
South America,Suriname,SUR,2022 Population,618040,2022
South America,Peru,PER,2022 Population,34049588,2022
South America,Paraguay,PRY,2022 Population,6780744,2022
South America,Guyana,GUY,2022 Population,808726,2022
South America,French Guiana,GUF,2022 Population,304557,2022
South America,Falkland Islands,FLK,2022 Population,3780,2022
South America,Ecuador,ECU,2022 Population,18001000,2022
South America,Colombia,COL,2022 Population,51874024,2022
South America,Chile,CHL,2022 Population,19603733,2022
South America,Brazil,BRA,2022 Population,215313498,2022
North America,Honduras,HND,2022 Population,10432860,2022
South America,Bolivia,BOL,2022 Population,12224110,2022
Oceania,Wallis and Futuna,WLF,2022 Population,11572,2022
Oceania,Vanuatu,VUT,2022 Population,326740,2022
Oceania,Tuvalu,TUV,2022 Population,11312,2022
Oceania,Tonga,TON,2022 Population,106858,2022
Oceania,Tokelau,TKL,2022 Population,1871,2022
Oceania,Solomon Islands,SLB,2022 Population,724273,2022
Oceania,Samoa,WSM,2022 Population,222382,2022
Oceania,Papua New Guinea,PNG,2022 Population,10142619,2022
Oceania,Palau,PLW,2022 Population,18055,2022
Oceania,Northern Mariana Islands,NFK,2022 Population,49551,2022
Oceania,Niue,NIU,2022 Population,1934,2022
Oceania,New Zealand,NZL,2022 Population,5185288,2022
South America,Argentina,ARG,2022 Population,45510318,2022
Europe,Denmark,DNK,2022 Population,5882261,2022
North America,Haiti,HTI,2022 Population,11584996,2022
North America,Guadeloupe,GLP,2022 Population,395752,2022
Europe,Poland,POL,2022 Population,39857145,2022
Europe,Norway,NOR,2022 Population,5434319,2022
Europe,North Macedonia,MKD,2022 Population,2093599,2022
Europe,Netherlands,NLD,2022 Population,17564014,2022
Europe,Montenegro,MNE,2022 Population,627082,2022
Europe,Monaco,MCO,2022 Population,36469,2022
Europe,Moldova,MDA,2022 Population,3272996,2022
Europe,Malta,MLT,2022 Population,533286,2022
Europe,Luxembourg,LUX,2022 Population,647599,2022
Europe,Lithuania,LTU,2022 Population,2750055,2022
Europe,Liechtenstein,LIE,2022 Population,39327,2022
Europe,Latvia,LVA,2022 Population,1850651,2022
Europe,Jersey,JEY,2022 Population,110778,2022
Europe,Italy,ITA,2022 Population,59037474,2022
Europe,Isle of Man,IMN,2022 Population,84519,2022
Europe,Ireland,IRL,2022 Population,5023109,2022
Europe,Iceland,ISL,2022 Population,372899,2022
Europe,Hungary,HUN,2022 Population,9967308,2022
Europe,Guernsey,GGY,2022 Population,63301,2022
Europe,Greece,GRC,2022 Population,10384971,2022
Europe,Gibraltar,GIB,2022 Population,32649,2022
Europe,Germany,DEU,2022 Population,83369843,2022
Europe,France,FRA,2022 Population,64626628,2022
Europe,Finland,FIN,2022 Population,5540745,2022
Europe,Faroe Islands,FRO,2022 Population,53090,2022
Europe,Portugal,PRT,2022 Population,10270865,2022
Europe,Romania,ROU,2022 Population,19659267,2022
Europe,Russia,RUS,2022 Population,144713314,2022
Europe,San Marino,SMR,2022 Population,33660,2022
North America,Greenland,GRL,2022 Population,56466,2022
North America,El Salvador,SLV,2022 Population,6336392,2022
North America,Dominican Republic,DOM,2022 Population,11228821,2022
North America,Dominica,DMA,2022 Population,72737,2022
North America,Curacao,CUW,2022 Population,191163,2022
North America,Cuba,CUB,2022 Population,11212191,2022
North America,Costa Rica,CRI,2022 Population,5180829,2022
North America,Cayman Islands,CYM,2022 Population,68706,2022
North America,Canada,CAN,2022 Population,38454327,2022
North America,British Virgin Islands,VGB,2022 Population,31305,2022
North America,Bermuda,BMU,2022 Population,64184,2022
North America,Belize,BLZ,2022 Population,405272,2022
North America,Guatemala,GTM,2022 Population,17843908,2022
North America,Barbados,BRB,2022 Population,281635,2022
North America,Aruba,ABW,2022 Population,106445,2022
North America,Antigua and Barbuda,ATG,2022 Population,93763,2022
North America,Anguilla,AIA,2022 Population,15857,2022
Europe,Vatican City,VAT,2022 Population,510,2022
Europe,United Kingdom,GBR,2022 Population,67508936,2022
Europe,Ukraine,UKR,2022 Population,39701739,2022
Europe,Switzerland,CHE,2022 Population,8740472,2022
Europe,Sweden,SWE,2022 Population,10549347,2022
Europe,Spain,ESP,2022 Population,47558630,2022
Europe,Slovenia,SVN,2022 Population,2119844,2022
Europe,Slovakia,SVK,2022 Population,5643453,2022
Europe,Serbia,SRB,2022 Population,7221365,2022
North America,Bahamas,BHS,2022 Population,409984,2022
Africa,Algeria,DZA,2022 Population,44903225,2022
